-- phpMyAdmin SQL Dump
-- version 2.11.8.1deb5+lenny3
-- http://www.phpmyadmin.net
--
-- Serveur: localhost
-- Généré le : Jeu 16 Juin 2011 à 04:26
-- Version du serveur: 5.0.51
-- Version de PHP: 5.3.6-6~dotdeb.0

SET SQL_MODE="NO_AUTO_VALUE_ON_ZERO";

--
-- Base de données: `up2green`
--

--
-- Contenu de la table `newsletter`
--

INSERT INTO `newsletter` (`id`, `category_id`, `reply_to`, `email_from`, `is_forced`, `sent_at`, `created_at`, `updated_at`) VALUES
(1, 139, 'noreply@up2green.com', 'webmaster@up2green.com', 0, NULL, '2010-06-26 18:27:35', '2010-11-14 18:15:53'),
(2, 139, 'noreply@up2green.com', 'webmaster@up2green.com', 0, NULL, '2010-06-26 18:27:36', '2010-11-14 18:16:24'),
(3, 139, 'noreply@up2green.com', 'webmaster@up2green.com', 0, NULL, '2010-11-14 18:07:04', '2010-11-14 18:16:15'),
(4, 139, 'noreply@up2green.com', 'webmaster@up2green.com', 0, NULL, '2011-03-13 22:24:22', '2011-03-13 22:24:22'),
(5, 139, 'noreply@up2green.com', 'newsletter@up2green.com', 0, NULL, '2011-06-01 22:45:46', '2011-06-01 22:45:46'),
(6, 139, 'noreply@up2green.com', 'newsletter@up2green.com', 0, NULL, '2011-06-02 15:18:30', '2011-06-02 15:18:30'),
(7, 139, 'noreply@up2green.com', 'newsletter@up2green.com', 0, NULL, '2011-06-02 16:57:19', '2011-06-02 16:59:03'),
(8, 140, 'noreply@up2green.com', 'newsletter@up2green.com', 0, NULL, '2011-06-02 17:33:13', '2011-06-02 17:33:13'),
(9, 139, 'noreply@up2green.com', 'newsletter@up2green.com', 0, NULL, '2011-06-02 18:11:30', '2011-06-02 18:11:30');

--
-- Contenu de la table `newsletter_translation`
--

INSERT INTO `newsletter_translation` (`id`, `title`, `content`, `lang`, `slug`) VALUES
(1, 'Confirmation d''inscription', '<p>\r\n	&nbsp;</p>\r\n<table cellpadding="0" cellspacing="0" style="width: 100%;">\r\n	<tbody>\r\n		<tr>\r\n			<td style="text-align: center;">\r\n				<a href="http://up2green.smartit.fr/" style="cursor: pointer;"><img alt="Up2green Reforestation" src="http://up2green.smartit.fr/images/newsletter/header.png" /></a></td>\r\n		</tr>\r\n		<tr>\r\n			<td>\r\n				<table cellpadding="20" cellspacing="0" style="width: 100%;">\r\n					<tbody>\r\n						<tr>\r\n							<td colspan="2">\r\n								<h1 style="color: rgb(44, 138, 64);">\r\n									<span><span><span><span>Bienvenue sur Up2green !</span></span></span></span></h1>\r\n								<p>\r\n									<strong>Bonjour %username%,</strong></p>\r\n								<p>\r\n									<strong><span><span>Nous</span></span> <span><span>avons</span></span> le <span><span>plaisir</span></span> de <span><span>vous</span></span> <span><span>confirmer</span></span> <span><span>votre</span></span> inscription <span><span>sur</span></span> <span><span>up2green</span></span>.</strong></p>\r\n								<p>\r\n									<strong><span><span>Votre</span></span> mot de <span><span>passe</span></span> <span><span>est</span></span> : %password%</strong></p>\r\n								<p>\r\n									<strong><span><span>Gardez</span></span> <span><span>bien</span></span> <span><span>cet</span></span> email car pour des raisons de <span><span>s&eacute;curit&eacute;</span></span> <span><span>nous</span></span> ne <span><span>pourrons</span></span> <span><span>retrouver</span></span> <span><span>votre</span></span> mot de <span><span>passe</span></span> pour <span><span>vous</span></span>, <span><span>vous</span></span> <span><span>devrez</span></span> le <span><span>r&eacute;initialiser</span></span> <span><span>si</span></span> <span><span>vous</span></span> le <span><span>perdez</span></span></strong></p>\r\n								<p>\r\n									<strong><span><span>Vous</span></span> <span><span>pouvez</span></span> <span><span>d&egrave;s</span></span> <span><span>&agrave;</span></span> <span><span>pr&eacute;sent</span></span> <span><span>commencer</span></span> la <span><span>collecte</span></span> de <span><span>vos</span></span> <span><span>cr&eacute;dits</span></span> <span><span>arbres</span></span> <span><span>gr&acirc;ce</span></span> au <span><span>moteur</span></span> de <span><span>recherche</span></span>.</strong></p>\r\n								<p>\r\n									<br />\r\n									<strong>A <span><span>tr&egrave;s</span></span> <span><span>bient&ocirc;t</span></span> <span><span>sur</span></span> http://<span><span>up2green.com</span></span>/</strong></p>\r\n							</td>\r\n						</tr>\r\n						<tr>\r\n							<td colspan="2" style="vertical-align: top;">\r\n								<h1 style="color: rgb(44, 138, 64);">\r\n									<span><span><span><span><span>Up2green</span></span></span> en <span><span><span>quelques</span></span></span> mots :</span></span></h1>\r\n								<p>\r\n									<strong><span style="font-size: 12px;"><span style="font-family: arial,helvetica,sans-serif;"><span><span><span>L&#39;ambition</span></span></span> de <span><span><span>toute</span></span></span> <span><span><span>l&#39;&eacute;quipe</span></span></span> <span><span><span>d&#39;UP2GREEN</span></span></span> <span><span><span>est</span></span></span> de <span><span><span>sensibiliser</span></span></span> le plus de <span><span><span>monde</span></span></span> possible au <span><span><span>D&eacute;veloppement</span></span></span> Durable et <span><span><span>&agrave;</span></span></span> la protection de la <span><span><span>Plan&egrave;te</span></span></span> en <span><span><span>g&eacute;n&eacute;ral</span></span></span>.</span></span></strong></p>\r\n							</td>\r\n						</tr>\r\n						<tr>\r\n							<td style="border-right: 1px solid rgb(170, 170, 170); vertical-align: top;">\r\n								<p style="text-align: justify;">\r\n									<span style="font-size: 16px;"><span style="font-family: arial,helvetica,sans-serif;"><span style="color: rgb(0, 128, 0);"><strong><span><span><span><span><span>L&#39;association</span></span></span></span></span> <span><span><span><span><span>up2green</span></span></span></span></span> Reforestation a pour <span><span><span><span><span>objecits</span></span></span></span></span> de :</strong></span></span></span></p>\r\n								<p>\r\n									<span style="font-size: 12px;"><span style="font-family: arial,helvetica,sans-serif;"><span dir="LTR"><span><span><span><span>Favoriser</span></span></span></span>, <span><span><span><span>d&eacute;velopper</span></span></span></span> et <span><span><span><span>promouvoir</span></span></span></span> <span><span><span><span>toute</span></span></span></span> action positive en lien <span><span><span><span>avec</span></span></span></span> la <strong><span><span><span><span>lutte</span></span></span></span> <span><span><span><span>contre</span></span></span></span> le <span><span><span><span>r&eacute;chauffement</span></span></span></span> <span><span><span><span>climatique</span></span></span></span></strong> : reforestation, conservation de la <span><span><span><span>biodiversit&eacute;</span></span></span></span>, aide aux populations <span><span><span><span>touch&eacute;es</span></span></span></span> par les <span><span><span><span>p&eacute;nuries</span></span></span></span> <span><span><span><span>d&#39;origine</span></span></span></span> <span><span><span><span>climatique</span></span></span></span>, <span><span><span><span>s&eacute;questration</span></span></span></span> du CO2 <span><span><span><span>atmosph&eacute;rique</span></span></span></span>,&hellip;</span></span></span></p>\r\n								<p>\r\n									<br />\r\n									<span style="font-size: 12px;"><span style="font-family: arial,helvetica,sans-serif;"><span dir="LTR"><strong><span><span><span><span>Participer</span></span></span></span> au <span><span><span><span>financement</span></span></span></span> de <span><span><span><span>programmes</span></span></span></span> de reforestation <span><span><span><span>dans</span></span></span></span> le <span><span><span><span>monde</span></span></span></span></strong>.</span></span></span><br />\r\n									<span style="font-size: 12px;"><span style="font-family: arial,helvetica,sans-serif;"><span dir="LTR"><span><span><span><span>Collecter</span></span></span></span> des fonds </span>en <span><span><span><span>vue</span></span></span></span> du <span><span><span><span>financement</span></span></span></span> de <span><span><span><span>ces</span></span></span></span> <span><span><span><span>programmes</span></span></span></span> de reforestation <span><span><span><span>ou</span></span></span></span> de tout <span><span><span><span>programme</span></span></span></span> <span><span><span><span>&agrave;</span></span></span></span> vocation <span><span><span><span>&eacute;cologique</span></span></span></span> ;</span></span><br />\r\n									<span style="font-size: 12px;"><span style="font-family: arial,helvetica,sans-serif;"><span dir="LTR"><span><span><span><span>Etablir</span></span></span></span> des <span><span><span><span>partenariats</span></span></span></span> </span><span><span><span><span>avec</span></span></span></span> des <span><span><span><span>organismes</span></span></span></span> de plantation en <span><span><span><span>vue</span></span></span></span> du <span><span><span><span>financement</span></span></span></span> des <span><span><span><span>programmes</span></span></span></span></span></span></p>\r\n								<p>\r\n									<br />\r\n									<span style="font-size: 12px;"><span style="font-family: arial,helvetica,sans-serif;"><strong><span dir="LTR"><span><span><span><span>Aider</span></span></span></span> les populations </span></strong><span><span><span><span>touch&eacute;es</span></span></span></span> par la <span><span><span><span>d&eacute;forestation</span></span></span></span> <span><span><span><span>ou</span></span></span></span> par la <span><span><span><span>perte</span></span></span></span> de <span><span><span><span>ma&icirc;trise</span></span></span></span> <span><span><span><span>fonci&egrave;re</span></span></span></span> <span><span><span><span>leur</span></span></span></span> <span><span><span><span>assurant</span></span></span></span> <span><span><span><span>une</span></span></span></span> <span><span><span><span>activit&eacute;</span></span></span></span> locale durable</span></span><br />\r\n									<span style="font-size: 12px;"><span style="font-family: arial,helvetica,sans-serif;"><span><span><span><span>Participer</span></span></span></span> au <span><span><span><span>d&eacute;ploiement</span></span></span></span> en France et <span><span><span><span>&agrave;</span></span></span></span> <span><span><span><span>l&#39;international</span></span></span></span> <span dir="LTR">de <span><span><span><span>m&eacute;thodologies</span></span></span></span> de certification des <span><span><span><span>programmes</span></span></span></span> de reforestation.</span></span></span></p>\r\n							</td>\r\n							<td style="border-left: 1px solid rgb(221, 221, 221); vertical-align: top;">\r\n								<p style="text-align: justify;">\r\n									<span style="color: rgb(0, 128, 0);"><span style="font-size: 16px;"><strong><span style="font-family: arial,helvetica,sans-serif;"><span><span><span>L&#39;association</span></span></span> <span><span><span>UP2GREEN</span></span></span> REFORESTATION <span><span><span>d&eacute;veloppe</span></span></span> des <span><span><span>outils</span></span></span> au service de la <span><span><span>lutte</span></span></span> <span><span><span>contre</span></span></span> la <span><span><span>d&eacute;forestation</span></span></span> <span><span><span>dans</span></span></span> le <span><span><span>Monde</span></span></span> et le <span><span><span>r&eacute;chauffement</span></span></span> <span><span><span>climatique</span></span></span> :</span></strong></span></span></p>\r\n								<p>\r\n									<span style="font-size: 12px;"><span style="font-family: arial,helvetica,sans-serif;">un site de <span><span><span>recherche</span></span></span> internet qui finance la reforestation : <a href="http://www.up2green.com/" target="_blank">http://<span><span><span>www.up2green.com</span></span></span>/</a></span></span></p>\r\n								<p>\r\n									<br />\r\n									<span style="font-size: 12px;"><span style="font-family: arial,helvetica,sans-serif;"><span><span><span>une</span></span></span> <span><span><span>plate-forme</span></span></span> de reforestation <span><span><span>virtuelle</span></span></span> : <a href="http://reforestation.up2green.com/" target="_blank">http://<span><span><span>reforestation.up2green.com</span></span></span>/</a> pour planter des <span><span><span>arbres</span></span></span> (<span><span><span>gr&acirc;ce</span></span></span> aux coupons <span><span><span>distribu&eacute;s</span></span></span> par les <span><span><span>entreprises</span></span></span> <span><span><span>partenaires</span></span></span> <span><span><span>ou</span></span></span> <span><span><span>directement</span></span></span> par les <span><span><span>particuliers</span></span></span> qui <span><span><span>ont</span></span></span> <span><span><span>collect&eacute;</span></span></span> des <span><span><span>cr&eacute;dits</span></span></span> <span><span><span>gr&acirc;ce</span></span></span> au <span><span><span>moteur</span></span></span> de <span><span><span>recherche</span></span></span>).</span></span></p>\r\n								<p>\r\n									<br />\r\n									<span style="font-size: 12px;"><span style="font-family: arial,helvetica,sans-serif;">en <span><span><span>d&eacute;veloppant</span></span></span> des <span><span><span>partenariats</span></span></span> de reforestation <span><span><span>ou</span></span></span> en <span><span><span>finan&ccedil;ant</span></span></span> <span><span><span>ses</span></span></span> <span><span><span>propres</span></span></span> <span><span><span>programmes</span></span></span> (<span><span><span>d&eacute;tail</span></span></span> <span><span><span>sur</span></span></span> le site de <span><span><span>l&#39;Association</span></span></span> : <a href="http://association.up2green.com/" target="_blank">http://<span><span><span>association.up2green.com</span></span></span>/</a></span></span></p>\r\n							</td>\r\n						</tr>\r\n					</tbody>\r\n				</table>\r\n			</td>\r\n		</tr>\r\n		<tr 0pt="" http:="" images="" newsletter="" repeat-x="" scroll="" style="background: url(" up2green.smartit.fr="">\r\n			<td style="text-align: center; color: rgb(44, 138, 64);">\r\n				<p>\r\n					Association <span><span><span><span>Up2green</span></span></span></span> Reforestation - 38 rue <span><span><span><span>Desaix</span></span></span></span> 75015 Paris - FRANCE</p>\r\n			</td>\r\n		</tr>\r\n	</tbody>\r\n</table>', 'en', 'inscription'),
(1, 'Confirmation d''inscription', '<p>\r\n	&nbsp;</p>\r\n<table cellpadding="0" cellspacing="0" style="width: 100%;">\r\n	<tbody>\r\n		<tr>\r\n			<td style="text-align: center;">\r\n				<a href="http://up2green.smartit.fr/" style="cursor: pointer;"><img alt="Up2green Reforestation" src="http://up2green.smartit.fr/images/newsletter/header.png" /></a></td>\r\n		</tr>\r\n		<tr>\r\n			<td>\r\n				<table cellpadding="20" cellspacing="0" style="width: 100%;">\r\n					<tbody>\r\n						<tr>\r\n							<td colspan="2">\r\n								<h1 style="color: rgb(44, 138, 64);">\r\n									<span><span><span>Bienvenue sur Up2green !</span></span></span></h1>\r\n								<p>\r\n									<strong>Bonjour %username%,</strong></p>\r\n								<p>\r\n									<strong><span>Nous</span> <span>avons</span> le <span>plaisir</span> de <span>vous</span> <span>confirmer</span> <span>votre</span> inscription <span>sur</span> <span>up2green</span>.</strong></p>\r\n								<p>\r\n									<strong><span>Votre</span> mot de <span>passe</span> <span>est</span> : %password%</strong></p>\r\n								<p>\r\n									<strong><span>Gardez</span> <span>bien</span> <span>cet</span> email car pour des raisons de <span>s&eacute;curit&eacute;</span> <span>nous</span> ne <span>pourrons</span> <span>retrouver</span> <span>votre</span> mot de <span>passe</span> pour <span>vous</span>, <span>vous</span> <span>devrez</span> le <span>r&eacute;initialiser</span> <span>si</span> <span>vous</span> le <span>perdez</span></strong></p>\r\n								<p>\r\n									<strong><span>Vous</span> <span>pouvez</span> <span>d&egrave;s</span> <span>&agrave;</span> <span>pr&eacute;sent</span> <span>commencer</span> la <span>collecte</span> de <span>vos</span> <span>cr&eacute;dits</span> <span>arbres</span> <span>gr&acirc;ce</span> au <span>moteur</span> de <span>recherche</span>.</strong></p>\r\n								<p>\r\n									<br />\r\n									<strong>A <span>tr&egrave;s</span> <span>bient&ocirc;t</span> <span>sur</span> http://<span>up2green.com</span>/</strong></p>\r\n							</td>\r\n						</tr>\r\n						<tr>\r\n							<td colspan="2" style="vertical-align: top;">\r\n								<h1 style="color: rgb(44, 138, 64);">\r\n									<span><span><span><span>Up2green</span></span> en <span><span>quelques</span></span> mots :</span></span></h1>\r\n								<p>\r\n									<strong><span style="font-size: 12px;"><span style="font-family: arial,helvetica,sans-serif;"><span><span>L&#39;ambition</span></span> de <span><span>toute</span></span> <span><span>l&#39;&eacute;quipe</span></span> <span><span>d&#39;UP2GREEN</span></span> <span><span>est</span></span> de <span><span>sensibiliser</span></span> le plus de <span><span>monde</span></span> possible au <span><span>D&eacute;veloppement</span></span> Durable et <span><span>&agrave;</span></span> la protection de la <span><span>Plan&egrave;te</span></span> en <span><span>g&eacute;n&eacute;ral</span></span>.</span></span></strong></p>\r\n							</td>\r\n						</tr>\r\n						<tr>\r\n							<td style="border-right: 1px solid rgb(170, 170, 170); vertical-align: top;">\r\n								<p style="text-align: justify;">\r\n									<span style="font-size: 16px;"><span style="font-family: arial,helvetica,sans-serif;"><span style="color: rgb(0, 128, 0);"><strong><span><span><span><span>L&#39;association</span></span></span></span> <span><span><span><span>up2green</span></span></span></span> Reforestation a pour <span><span><span><span>objecits</span></span></span></span> de :</strong></span></span></span></p>\r\n								<p>\r\n									<span style="font-size: 12px;"><span style="font-family: arial,helvetica,sans-serif;"><span dir="LTR"><span><span><span>Favoriser</span></span></span>, <span><span><span>d&eacute;velopper</span></span></span> et <span><span><span>promouvoir</span></span></span> <span><span><span>toute</span></span></span> action positive en lien <span><span><span>avec</span></span></span> la <strong><span><span><span>lutte</span></span></span> <span><span><span>contre</span></span></span> le <span><span><span>r&eacute;chauffement</span></span></span> <span><span><span>climatique</span></span></span></strong> : reforestation, conservation de la <span><span><span>biodiversit&eacute;</span></span></span>, aide aux populations <span><span><span>touch&eacute;es</span></span></span> par les <span><span><span>p&eacute;nuries</span></span></span> <span><span><span>d&#39;origine</span></span></span> <span><span><span>climatique</span></span></span>, <span><span><span>s&eacute;questration</span></span></span> du CO2 <span><span><span>atmosph&eacute;rique</span></span></span>,&hellip;</span></span></span></p>\r\n								<p>\r\n									<br />\r\n									<span style="font-size: 12px;"><span style="font-family: arial,helvetica,sans-serif;"><span dir="LTR"><strong><span><span><span>Participer</span></span></span> au <span><span><span>financement</span></span></span> de <span><span><span>programmes</span></span></span> de reforestation <span><span><span>dans</span></span></span> le <span><span><span>monde</span></span></span></strong>.</span></span></span><br />\r\n									<span style="font-size: 12px;"><span style="font-family: arial,helvetica,sans-serif;"><span dir="LTR"><span><span><span>Collecter</span></span></span> des fonds </span>en <span><span><span>vue</span></span></span> du <span><span><span>financement</span></span></span> de <span><span><span>ces</span></span></span> <span><span><span>programmes</span></span></span> de reforestation <span><span><span>ou</span></span></span> de tout <span><span><span>programme</span></span></span> <span><span><span>&agrave;</span></span></span> vocation <span><span><span>&eacute;cologique</span></span></span> ;</span></span><br />\r\n									<span style="font-size: 12px;"><span style="font-family: arial,helvetica,sans-serif;"><span dir="LTR"><span><span><span>Etablir</span></span></span> des <span><span><span>partenariats</span></span></span> </span><span><span><span>avec</span></span></span> des <span><span><span>organismes</span></span></span> de plantation en <span><span><span>vue</span></span></span> du <span><span><span>financement</span></span></span> des <span><span><span>programmes</span></span></span></span></span></p>\r\n								<p>\r\n									<br />\r\n									<span style="font-size: 12px;"><span style="font-family: arial,helvetica,sans-serif;"><strong><span dir="LTR"><span><span><span>Aider</span></span></span> les populations </span></strong><span><span><span>touch&eacute;es</span></span></span> par la <span><span><span>d&eacute;forestation</span></span></span> <span><span><span>ou</span></span></span> par la <span><span><span>perte</span></span></span> de <span><span><span>ma&icirc;trise</span></span></span> <span><span><span>fonci&egrave;re</span></span></span> <span><span><span>leur</span></span></span> <span><span><span>assurant</span></span></span> <span><span><span>une</span></span></span> <span><span><span>activit&eacute;</span></span></span> locale durable</span></span><br />\r\n									<span style="font-size: 12px;"><span style="font-family: arial,helvetica,sans-serif;"><span><span><span>Participer</span></span></span> au <span><span><span>d&eacute;ploiement</span></span></span> en France et <span><span><span>&agrave;</span></span></span> <span><span><span>l&#39;international</span></span></span> <span dir="LTR">de <span><span><span>m&eacute;thodologies</span></span></span> de certification des <span><span><span>programmes</span></span></span> de reforestation.</span></span></span></p>\r\n							</td>\r\n							<td style="border-left: 1px solid rgb(221, 221, 221); vertical-align: top;">\r\n								<p style="text-align: justify;">\r\n									<span style="color: rgb(0, 128, 0);"><span style="font-size: 16px;"><strong><span style="font-family: arial,helvetica,sans-serif;"><span><span>L&#39;association</span></span> <span><span>UP2GREEN</span></span> REFORESTATION <span><span>d&eacute;veloppe</span></span> des <span><span>outils</span></span> au service de la <span><span>lutte</span></span> <span><span>contre</span></span> la <span><span>d&eacute;forestation</span></span> <span><span>dans</span></span> le <span><span>Monde</span></span> et le <span><span>r&eacute;chauffement</span></span> <span><span>climatique</span></span> :</span></strong></span></span></p>\r\n								<br />\r\n								<ul>\r\n									<li>\r\n										<span style="font-size: 12px;"><span style="font-family: arial,helvetica,sans-serif;"><strong>un <span>moteur</span> de <span>recherche</span></strong> internet qui finance la reforestation : <a href="http://www.up2green.com/" target="_blank">http://<span>www.up2green.com</span>/</a></span></span></li>\r\n								</ul>\r\n								<p>\r\n									&nbsp;</p>\r\n								<ul>\r\n									<li>\r\n										<span style="font-size: 12px;"><span style="font-family: arial,helvetica,sans-serif;"><strong><span>une</span> <span>plate-forme</span> de reforestation en <span>ligne</span></strong> : <a href="http://reforestation.up2green.com/" target="_blank">http://<span>reforestation.up2green.com</span>/</a> pour planter des <span>arbres</span> (<span>gr&acirc;ce</span> aux coupons <span>offerts</span> par les <span>entreprises</span> <span>partenaires</span> <span>ou</span> <span>directement</span> par les <span>particuliers</span> qui <span>ont</span> <span>collect&eacute;</span> des <span>cr&eacute;dits</span> <span>gr&acirc;ce</span> au <span>moteur</span> de <span>recherche</span>).</span></span></li>\r\n								</ul>\r\n								<p>\r\n									&nbsp;</p>\r\n								<ul>\r\n									<li>\r\n										<span style="font-size: 12px;"><span style="font-family: arial,helvetica,sans-serif;"><strong>des <span>partenariats</span> de reforestation</strong> <span>pr&eacute;sent&eacute;s</span> <span>sur</span> le site de <span>l&#39;Association</span> : <a href="http://association.up2green.com/" target="_blank">http://<span>association.up2green.com</span>/</a></span></span></li>\r\n								</ul>\r\n							</td>\r\n						</tr>\r\n					</tbody>\r\n				</table>\r\n			</td>\r\n		</tr>\r\n		<tr 0pt="" http:="" images="" newsletter="" repeat-x="" scroll="" style="background: url(" up2green.smartit.fr="">\r\n			<td style="text-align: center; color: rgb(44, 138, 64);">\r\n				<p>\r\n					Association <span><span><span>Up2green</span></span></span> Reforestation - 38 rue <span><span><span>Desaix</span></span></span> 75015 Paris - FRANCE</p>\r\n			</td>\r\n		</tr>\r\n	</tbody>\r\n</table>', 'fr', 'inscription'),
(2, 'Votre nouveau mot de passe', '<p>\r\n	&nbsp;</p>\r\n<table cellpadding="0" cellspacing="0" style="width:100%">\r\n	<tbody>\r\n		<tr>\r\n			<td style="text-align:center">\r\n				<a href="http://up2green.smartit.fr/" style="cursor:pointer"><img alt="Up2green Reforestation" src="http://up2green.smartit.fr/images/newsletter/header.png" /></a></td>\r\n		</tr>\r\n		<tr>\r\n			<td>\r\n				<table cellpadding="20" cellspacing="0" style="width:100%">\r\n					<tbody>\r\n						<tr>\r\n							<td colspan="2">\r\n								<h1 style="color: #2C8A40;">\r\n									<span><span><span><span><span>Changement</span> de mot de <span>passe</span><br />\r\n									</span></span></span></span></h1>\r\n								<p>\r\n									<strong>Bonjour %username%,</strong></p>\r\n								<p>\r\n									<strong><span><span>Vous</span></span> <span><span>avez</span></span> <span><span>demand&eacute;</span></span> <span><span>&agrave;</span></span> changer <span><span>votre</span></span> mot de <span><span>passe</span></span>.</strong></p>\r\n								<p>\r\n									<strong><span><span>Votre</span></span> nouveau mot de <span><span>passe</span></span> <span><span>est</span></span> : %password%</strong></p>\r\n								<p>\r\n									<strong><span><span>Nous</span></span> <span><span>vous</span></span> <span><span>conseillons</span></span> de changer <span><span>votre</span></span> mot de <span><span>passe</span></span> <span><span>&agrave;</span></span> <span><span>votre</span></span> <span><span>prochaine</span></span> <span><span>connexion</span></span>.</strong></p>\r\n								<p>\r\n									<strong>A <span><span>bient&ocirc;t</span></span> pour de <span><span>nouvelles</span></span> <span><span>recherches</span></span> <span><span>sur</span></span> http://<span><span>up2green.com</span></span>/ !</strong></p>\r\n							</td>\r\n						</tr>\r\n						<tr>\r\n							<td colspan="2" style="vertical-align: top;">\r\n								<h1 style="color: #2C8A40;">\r\n									<span><span><span><span><span><span>Up2green</span></span></span></span> en <span><span><span><span>quelques</span></span></span></span> mots :</span></span></h1>\r\n								<p>\r\n									<strong><span style="font-size: 12px;"><span style="font-family: arial,helvetica,sans-serif;"><span><span><span><span>L&#39;ambition</span></span></span></span> de <span><span><span><span>toute</span></span></span></span> <span><span><span><span>l&#39;&eacute;quipe</span></span></span></span> <span><span><span><span>d&#39;UP2GREEN</span></span></span></span> <span><span><span><span>est</span></span></span></span> de <span><span><span><span>sensibiliser</span></span></span></span> le plus de <span><span><span><span>monde</span></span></span></span> possible au <span><span><span><span>D&eacute;veloppement</span></span></span></span> Durable et <span><span><span><span>&agrave;</span></span></span></span> la protection de la <span><span><span><span>Plan&egrave;te</span></span></span></span> en <span><span><span><span>g&eacute;n&eacute;ral</span></span></span></span>.</span></span></strong></p>\r\n							</td>\r\n						</tr>\r\n						<tr>\r\n							<td style="border-right:1px solid #aaa;vertical-align: top;">\r\n								<p style="text-align: justify;">\r\n									<span style="font-size:16px;"><span style="font-family: arial,helvetica,sans-serif;"><span style="color: rgb(0, 128, 0);"><strong><span><span><span><span><span><span>L&#39;association</span></span></span></span></span></span> <span><span><span><span><span><span>up2green</span></span></span></span></span></span> Reforestation a pour <span><span><span><span><span><span>objecits</span></span></span></span></span></span> de :</strong></span></span></span></p>\r\n								<p>\r\n									<span style="font-size: 12px;"><span style="font-family: arial,helvetica,sans-serif;"><span dir="LTR"><span><span><span><span><span>Favoriser</span></span></span></span></span>, <span><span><span><span><span>d&eacute;velopper</span></span></span></span></span> et <span><span><span><span><span>promouvoir</span></span></span></span></span> <span><span><span><span><span>toute</span></span></span></span></span> action positive en lien <span><span><span><span><span>avec</span></span></span></span></span> la <strong><span><span><span><span><span>lutte</span></span></span></span></span> <span><span><span><span><span>contre</span></span></span></span></span> le <span><span><span><span><span>r&eacute;chauffement</span></span></span></span></span> <span><span><span><span><span>climatique</span></span></span></span></span></strong> : reforestation, conservation de la <span><span><span><span><span>biodiversit&eacute;</span></span></span></span></span>, aide aux populations <span><span><span><span><span>touch&eacute;es</span></span></span></span></span> par les <span><span><span><span><span>p&eacute;nuries</span></span></span></span></span> <span><span><span><span><span>d&#39;origine</span></span></span></span></span> <span><span><span><span><span>climatique</span></span></span></span></span>, <span><span><span><span><span>s&eacute;questration</span></span></span></span></span> du CO2 <span><span><span><span><span>atmosph&eacute;rique</span></span></span></span></span>,&hellip;</span></span></span></p>\r\n								<p>\r\n									<br />\r\n									<span style="font-size: 12px;"><span style="font-family: arial,helvetica,sans-serif;"><span dir="LTR"><strong><span><span><span><span><span>Participer</span></span></span></span></span> au <span><span><span><span><span>financement</span></span></span></span></span> de <span><span><span><span><span>programmes</span></span></span></span></span> de reforestation <span><span><span><span><span>dans</span></span></span></span></span> le <span><span><span><span><span>monde</span></span></span></span></span></strong>.</span></span></span><br />\r\n									<span style="font-size: 12px;"><span style="font-family: arial,helvetica,sans-serif;"><span dir="LTR"><span><span><span><span><span>Collecter</span></span></span></span></span> des fonds </span>en <span><span><span><span><span>vue</span></span></span></span></span> du <span><span><span><span><span>financement</span></span></span></span></span> de <span><span><span><span><span>ces</span></span></span></span></span> <span><span><span><span><span>programmes</span></span></span></span></span> de reforestation <span><span><span><span><span>ou</span></span></span></span></span> de tout <span><span><span><span><span>programme</span></span></span></span></span> <span><span><span><span><span>&agrave;</span></span></span></span></span> vocation <span><span><span><span><span>&eacute;cologique</span></span></span></span></span> ;</span></span><br />\r\n									<span style="font-size: 12px;"><span style="font-family: arial,helvetica,sans-serif;"><span dir="LTR"><span><span><span><span><span>Etablir</span></span></span></span></span> des <span><span><span><span><span>partenariats</span></span></span></span></span> </span><span><span><span><span><span>avec</span></span></span></span></span> des <span><span><span><span><span>organismes</span></span></span></span></span> de plantation en <span><span><span><span><span>vue</span></span></span></span></span> du <span><span><span><span><span>financement</span></span></span></span></span> des <span><span><span><span><span>programmes</span></span></span></span></span></span></span></p>\r\n								<p>\r\n									<br />\r\n									<span style="font-size: 12px;"><span style="font-family: arial,helvetica,sans-serif;"><strong><span dir="LTR"><span><span><span><span><span>Aider</span></span></span></span></span> les populations </span></strong><span><span><span><span><span>touch&eacute;es</span></span></span></span></span> par la <span><span><span><span><span>d&eacute;forestation</span></span></span></span></span> <span><span><span><span><span>ou</span></span></span></span></span> par la <span><span><span><span><span>perte</span></span></span></span></span> de <span><span><span><span><span>ma&icirc;trise</span></span></span></span></span> <span><span><span><span><span>fonci&egrave;re</span></span></span></span></span> <span><span><span><span><span>leur</span></span></span></span></span> <span><span><span><span>assurant</span></span></span></span> <span><span><span><span>une</span></span></span></span> <span><span><span><span>activit&eacute;</span></span></span></span> locale durable</span></span><br />\r\n									<span style="font-size: 12px;"><span style="font-family: arial,helvetica,sans-serif;"><span><span><span><span><span>Participer</span></span></span></span></span> au <span><span><span><span>d&eacute;ploiement</span></span></span></span> en France et <span><span><span><span><span>&agrave;</span></span></span></span></span> <span><span><span><span>l&#39;international</span></span></span></span> <span dir="LTR">de <span><span><span><span>m&eacute;thodologies</span></span></span></span> de certification des <span><span><span><span><span>programmes</span></span></span></span></span> de reforestation.</span></span></span></p>\r\n							</td>\r\n							<td style="border-left:1px solid #ddd;vertical-align: top;">\r\n								<p style="text-align: justify;">\r\n									<span style="color:#008000;"><span style="font-size: 16px;"><strong><span style="font-family: arial,helvetica,sans-serif;"><span><span><span><span>L&#39;association</span></span></span></span> <span><span><span>UP2GREEN</span></span></span> REFORESTATION <span><span><span>d&eacute;veloppe</span></span></span> des <span><span><span>outils</span></span></span> au service de la <span><span><span><span>lutte</span></span></span></span> <span><span><span><span>contre</span></span></span></span> la <span><span><span><span>d&eacute;forestation</span></span></span></span> <span><span><span><span>dans</span></span></span></span> le <span><span><span>Monde</span></span></span> et le <span><span><span><span>r&eacute;chauffement</span></span></span></span> <span><span><span><span>climatique</span></span></span></span> :</span></strong></span></span></p>\r\n								<p>\r\n									<span style="font-size: 12px;"><span style="font-family: arial,helvetica,sans-serif;">un site de <span><span><span><span>recherche</span></span></span></span> internet qui finance la reforestation : <a href="http://www.up2green.com/" target="_blank">http://<span><span><span><span>www.up2green.com</span></span></span></span>/</a></span></span></p>\r\n								<p>\r\n									<br />\r\n									<span style="font-size: 12px;"><span style="font-family: arial,helvetica,sans-serif;"><span><span><span>une</span></span></span> <span><span><span>plate-forme</span></span></span> de reforestation <span><span><span>virtuelle</span></span></span> : <a href="http://reforestation.up2green.com/" target="_blank">http://<span><span><span><span>reforestation.up2green.com</span></span></span></span>/</a> pour planter des <span><span><span><span>arbres</span></span></span></span> (<span><span><span><span>gr&acirc;ce</span></span></span></span> aux coupons <span><span><span>distribu&eacute;s</span></span></span> par les <span><span><span>entreprises</span></span></span> <span><span><span>partenaires</span></span></span> <span><span><span><span>ou</span></span></span></span> <span><span><span>directement</span></span></span> par les <span><span><span>particuliers</span></span></span> qui <span><span><span>ont</span></span></span> <span><span><span>collect&eacute;</span></span></span> des <span><span><span><span>cr&eacute;dits</span></span></span></span> <span><span><span><span>gr&acirc;ce</span></span></span></span> au <span><span><span><span>moteur</span></span></span></span> de <span><span><span><span>recherche</span></span></span></span>).</span></span></p>\r\n								<p>\r\n									<br />\r\n									<span style="font-size: 12px;"><span style="font-family: arial,helvetica,sans-serif;">en <span><span><span>d&eacute;veloppant</span></span></span> des <span><span><span><span>partenariats</span></span></span></span> de reforestation <span><span><span><span>ou</span></span></span></span> en <span><span><span>finan&ccedil;ant</span></span></span> <span><span><span>ses</span></span></span> <span><span><span>propres</span></span></span> <span><span><span><span>programmes</span></span></span></span> (<span><span><span>d&eacute;tail</span></span></span> <span><span><span><span>sur</span></span></span></span> le site de <span><span><span>l&#39;Association</span></span></span> : <a href="http://association.up2green.com/" target="_blank">http://<span><span><span><span>association.up2green.com</span></span></span></span>/</a></span></span></p>\r\n							</td>\r\n						</tr>\r\n					</tbody>\r\n				</table>\r\n			</td>\r\n		</tr>\r\n		<tr style="background: url(''http://up2green.smartit.fr/images/newsletter/footer.png'') repeat-x scroll 0 0 transparent;">\r\n			<td style="text-align:center;color: #2C8A40;">\r\n				<p>\r\n					Association <span><span><span><span><span>Up2green</span></span></span></span></span> Reforestation - 38 rue <span><span><span><span>Desaix</span></span></span></span> 75015 Paris - FRANCE</p>\r\n			</td>\r\n		</tr>\r\n	</tbody>\r\n</table>', 'en', 'new-password'),
(2, 'Votre nouveau mot de passe', '<p>\r\n	&nbsp;</p>\r\n<table cellpadding="0" cellspacing="0" style="width:100%">\r\n	<tbody>\r\n		<tr>\r\n			<td style="text-align:center">\r\n				<a href="http://up2green.smartit.fr/" style="cursor:pointer"><img alt="Up2green Reforestation" src="http://up2green.smartit.fr/images/newsletter/header.png" /></a></td>\r\n		</tr>\r\n		<tr>\r\n			<td>\r\n				<table cellpadding="20" cellspacing="0" style="width:100%">\r\n					<tbody>\r\n						<tr>\r\n							<td colspan="2">\r\n								<h1 style="color: #2C8A40;">\r\n									<span><span><span><span>Changement de mot de passe</span></span></span></span></h1>\r\n								<p>\r\n									<strong>Bonjour %username%,</strong></p>\r\n								<p>\r\n									<strong><span>Vous</span> <span>avez</span> <span>demand&eacute;</span> <span>&agrave;</span> changer <span>votre</span> mot de <span>passe</span>.</strong></p>\r\n								<p>\r\n									<strong><span>Votre</span> nouveau mot de <span>passe</span> <span>est</span> : %password%</strong></p>\r\n								<p>\r\n									<strong><span>Nous</span> <span>vous</span> <span>conseillons</span> de changer <span>votre</span> mot de <span>passe</span> <span>&agrave;</span> <span>votre</span> <span>prochaine</span> <span>connexion</span>.</strong></p>\r\n								<p>\r\n									<strong>A <span>bient&ocirc;t</span> pour de <span>nouvelles</span> <span>recherches</span> <span>sur</span> http://<span>up2green.com</span>/ !</strong></p>\r\n							</td>\r\n						</tr>\r\n						<tr>\r\n							<td colspan="2" style="vertical-align: top;">\r\n								<h1 style="color: #2C8A40;">\r\n									<span><span><span><span><span>Up2green</span></span></span> en <span><span><span>quelques</span></span></span> mots :</span></span></h1>\r\n								<p>\r\n									<strong><span style="font-size: 12px;"><span style="font-family: arial,helvetica,sans-serif;"><span><span><span>L&#39;ambition</span></span></span> de <span><span><span>toute</span></span></span> <span><span><span>l&#39;&eacute;quipe</span></span></span> <span><span><span>d&#39;UP2GREEN</span></span></span> <span><span><span>est</span></span></span> de <span><span><span>sensibiliser</span></span></span> le plus de <span><span><span>monde</span></span></span> possible au <span><span><span>D&eacute;veloppement</span></span></span> Durable et <span><span><span>&agrave;</span></span></span> la protection de la <span><span><span>Plan&egrave;te</span></span></span> en <span><span><span>g&eacute;n&eacute;ral</span></span></span>.</span></span></strong></p>\r\n							</td>\r\n						</tr>\r\n						<tr>\r\n							<td style="border-right:1px solid #aaa;vertical-align: top;">\r\n								<p style="text-align: justify;">\r\n									<span style="font-size:16px;"><span style="font-family: arial,helvetica,sans-serif;"><span style="color: rgb(0, 128, 0);"><strong><span><span><span><span><span>L&#39;association</span></span></span></span></span> <span><span><span><span><span>up2green</span></span></span></span></span> Reforestation a pour <span><span><span><span><span>objecits</span></span></span></span></span> de :</strong></span></span></span></p>\r\n								<p>\r\n									<span style="font-size: 12px;"><span style="font-family: arial,helvetica,sans-serif;"><span dir="LTR"><span><span><span><span>Favoriser</span></span></span></span>, <span><span><span><span>d&eacute;velopper</span></span></span></span> et <span><span><span><span>promouvoir</span></span></span></span> <span><span><span><span>toute</span></span></span></span> action positive en lien <span><span><span><span>avec</span></span></span></span> la <strong><span><span><span><span>lutte</span></span></span></span> <span><span><span><span>contre</span></span></span></span> le <span><span><span><span>r&eacute;chauffement</span></span></span></span> <span><span><span><span>climatique</span></span></span></span></strong> : reforestation, conservation de la <span><span><span><span>biodiversit&eacute;</span></span></span></span>, aide aux populations <span><span><span><span>touch&eacute;es</span></span></span></span> par les <span><span><span><span>p&eacute;nuries</span></span></span></span> <span><span><span><span>d&#39;origine</span></span></span></span> <span><span><span><span>climatique</span></span></span></span>, <span><span><span><span>s&eacute;questration</span></span></span></span> du CO2 <span><span><span><span>atmosph&eacute;rique</span></span></span></span>,&hellip;</span></span></span></p>\r\n								<p>\r\n									<br />\r\n									<span style="font-size: 12px;"><span style="font-family: arial,helvetica,sans-serif;"><span dir="LTR"><strong><span><span><span><span>Participer</span></span></span></span> au <span><span><span><span>financement</span></span></span></span> de <span><span><span><span>programmes</span></span></span></span> de reforestation <span><span><span><span>dans</span></span></span></span> le <span><span><span><span>monde</span></span></span></span></strong>.</span></span></span><br />\r\n									<span style="font-size: 12px;"><span style="font-family: arial,helvetica,sans-serif;"><span dir="LTR"><span><span><span><span>Collecter</span></span></span></span> des fonds </span>en <span><span><span><span>vue</span></span></span></span> du <span><span><span><span>financement</span></span></span></span> de <span><span><span><span>ces</span></span></span></span> <span><span><span><span>programmes</span></span></span></span> de reforestation <span><span><span><span>ou</span></span></span></span> de tout <span><span><span><span>programme</span></span></span></span> <span><span><span><span>&agrave;</span></span></span></span> vocation <span><span><span><span>&eacute;cologique</span></span></span></span> ;</span></span><br />\r\n									<span style="font-size: 12px;"><span style="font-family: arial,helvetica,sans-serif;"><span dir="LTR"><span><span><span><span>Etablir</span></span></span></span> des <span><span><span><span>partenariats</span></span></span></span> </span><span><span><span><span>avec</span></span></span></span> des <span><span><span><span>organismes</span></span></span></span> de plantation en <span><span><span><span>vue</span></span></span></span> du <span><span><span><span>financement</span></span></span></span> des <span><span><span><span>programmes</span></span></span></span></span></span></p>\r\n								<p>\r\n									<br />\r\n									<span style="font-size: 12px;"><span style="font-family: arial,helvetica,sans-serif;"><strong><span dir="LTR"><span><span><span><span>Aider</span></span></span></span> les populations </span></strong><span><span><span><span>touch&eacute;es</span></span></span></span> par la <span><span><span><span>d&eacute;forestation</span></span></span></span> <span><span><span><span>ou</span></span></span></span> par la <span><span><span><span>perte</span></span></span></span> de <span><span><span><span>ma&icirc;trise</span></span></span></span> <span><span><span><span>fonci&egrave;re</span></span></span></span> <span><span><span><span>leur</span></span></span></span> <span><span><span><span>assurant</span></span></span></span> <span><span><span><span>une</span></span></span></span> <span><span><span><span>activit&eacute;</span></span></span></span> locale durable</span></span><br />\r\n									<span style="font-size: 12px;"><span style="font-family: arial,helvetica,sans-serif;"><span><span><span><span>Participer</span></span></span></span> au <span><span><span><span>d&eacute;ploiement</span></span></span></span> en France et <span><span><span><span>&agrave;</span></span></span></span> <span><span><span><span>l&#39;international</span></span></span></span> <span dir="LTR">de <span><span><span><span>m&eacute;thodologies</span></span></span></span> de certification des <span><span><span><span>programmes</span></span></span></span> de reforestation.</span></span></span></p>\r\n							</td>\r\n							<td style="border-left:1px solid #ddd;vertical-align: top;">\r\n								<p style="text-align: justify;">\r\n									<span style="color:#008000;"><span style="font-size: 16px;"><strong><span style="font-family: arial,helvetica,sans-serif;"><span><span><span>L&#39;association</span></span></span> <span><span><span>UP2GREEN</span></span></span> REFORESTATION <span><span><span>d&eacute;veloppe</span></span></span> des <span><span><span>outils</span></span></span> au service de la <span><span><span>lutte</span></span></span> <span><span><span>contre</span></span></span> la <span><span><span>d&eacute;forestation</span></span></span> <span><span><span>dans</span></span></span> le <span><span><span>Monde</span></span></span> et le <span><span><span>r&eacute;chauffement</span></span></span> <span><span><span>climatique</span></span></span> :</span></strong></span></span></p>\r\n								<p>\r\n									<span style="font-size: 12px;"><span style="font-family: arial,helvetica,sans-serif;">un site de <span><span><span>recherche</span></span></span> internet qui finance la reforestation : <a href="http://www.up2green.com/" target="_blank">http://<span><span><span>www.up2green.com</span></span></span>/</a></span></span></p>\r\n								<p>\r\n									<br />\r\n									<span style="font-size: 12px;"><span style="font-family: arial,helvetica,sans-serif;"><span><span><span>une</span></span></span> <span><span><span>plate-forme</span></span></span> de reforestation <span><span><span>virtuelle</span></span></span> : <a href="http://reforestation.up2green.com/" target="_blank">http://<span><span><span>reforestation.up2green.com</span></span></span>/</a> pour planter des <span><span><span>arbres</span></span></span> (<span><span><span>gr&acirc;ce</span></span></span> aux coupons <span><span><span>distribu&eacute;s</span></span></span> par les <span><span><span>entreprises</span></span></span> <span><span><span>partenaires</span></span></span> <span><span><span>ou</span></span></span> <span><span><span>directement</span></span></span> par les <span><span><span>particuliers</span></span></span> qui <span><span><span>ont</span></span></span> <span><span><span>collect&eacute;</span></span></span> des <span><span><span>cr&eacute;dits</span></span></span> <span><span><span>gr&acirc;ce</span></span></span> au <span><span><span>moteur</span></span></span> de <span><span><span>recherche</span></span></span>).</span></span></p>\r\n								<p>\r\n									<br />\r\n									<span style="font-size: 12px;"><span style="font-family: arial,helvetica,sans-serif;">en <span><span><span>d&eacute;veloppant</span></span></span> des <span><span><span>partenariats</span></span></span> de reforestation <span><span><span>ou</span></span></span> en <span><span><span>finan&ccedil;ant</span></span></span> <span><span><span>ses</span></span></span> <span><span><span>propres</span></span></span> <span><span><span>programmes</span></span></span> (<span><span><span>d&eacute;tail</span></span></span> <span><span><span>sur</span></span></span> le site de <span><span><span>l&#39;Association</span></span></span> : <a href="http://association.up2green.com/" target="_blank">http://<span><span><span>association.up2green.com</span></span></span>/</a></span></span></p>\r\n							</td>\r\n						</tr>\r\n					</tbody>\r\n				</table>\r\n			</td>\r\n		</tr>\r\n		<tr style="background: url(''http://up2green.smartit.fr/images/newsletter/footer.png'') repeat-x scroll 0 0 transparent;">\r\n			<td style="text-align:center;color: #2C8A40;">\r\n				<p>\r\n					Association <span><span><span><span>Up2green</span></span></span></span> Reforestation - 38 rue <span><span><span><span>Desaix</span></span></span></span> 75015 Paris - FRANCE</p>\r\n			</td>\r\n		</tr>\r\n	</tbody>\r\n</table>', 'fr', 'nouveau-mot-de-passe');
INSERT INTO `newsletter_translation` (`id`, `title`, `content`, `lang`, `slug`) VALUES
(3, 'Votre attestation de plantation', '<p>\r\n	&nbsp;</p>\r\n<table cellpadding="0" cellspacing="0" style="width:100%">\r\n	<tbody>\r\n		<tr>\r\n			<td style="text-align:center">\r\n				<a href="http://up2green.smartit.fr/" style="cursor:pointer"><img alt="Up2green Reforestation" src="http://up2green.smartit.fr/images/newsletter/header.png" /></a></td>\r\n		</tr>\r\n		<tr>\r\n			<td>\r\n				<table cellpadding="20" cellspacing="0" style="width:100%">\r\n					<tbody>\r\n						<tr>\r\n							<td colspan="2">\r\n								<h1 style="color: #2C8A40;">\r\n									<span><span><span>Votre</span> attestation de plantation</span></span></h1>\r\n								<p>\r\n									&nbsp;</p>\r\n								<p>\r\n									<strong><span>Hello</span>,</strong></p>\r\n								<p>\r\n									<strong><span>You&#39;ve just planted</span> %<span><span>treeNumber</span></span>% tree(<span>s</span>) <span>on the Planet </span> !</strong></p>\r\n								<p>\r\n									<strong><span>Please find attached your planting certificate</span>.</strong></p>\r\n								<p>\r\n									<strong>See you soon on <a href="http://www.up2green.com/"><span>www.up2green.com</span></a> to get &quot;tree credits&quot; FOR FREE as you use our <span><span>websearch</span></span> engine for your researches. Choose afterwards where you want to plant your trees in the reforestation programs supported by <span>Up2green</span> Reforestation association.</strong></p>\r\n							</td>\r\n						</tr>\r\n						<tr>\r\n							<td colspan="2" style="vertical-align: top;">\r\n								<h1 style="color: #2C8A40;">\r\n									<span><span><span><span>Up2green</span></span> en <span><span>quelques</span></span> mots :</span></span></h1>\r\n								<p>\r\n									<strong><span style="font-size: 12px;"><span style="font-family: arial,helvetica,sans-serif;"><span><span>L&#39;ambition</span></span> de <span><span>toute</span></span> <span><span>l&#39;&eacute;quipe</span></span> <span><span>d&#39;UP2GREEN</span></span> <span><span>est</span></span> de <span><span>sensibiliser</span></span> le plus de <span><span>monde</span></span> possible au <span><span>D&eacute;veloppement</span></span> Durable et <span><span>&agrave;</span></span> la protection de la <span><span>Plan&egrave;te</span></span> en <span><span>g&eacute;n&eacute;ral</span></span>.</span></span></strong></p>\r\n							</td>\r\n						</tr>\r\n						<tr>\r\n							<td style="border-right:1px solid #aaa;vertical-align: top;">\r\n								<p style="text-align: justify;">\r\n									<span style="font-size:16px;"><span style="font-family: arial,helvetica,sans-serif;"><span style="color: rgb(0, 128, 0);"><strong><span><span><span><span>L&#39;association</span></span></span></span> <span><span><span><span>up2green</span></span></span></span> Reforestation a pour <span><span><span><span>objecits</span></span></span></span> de :</strong></span></span></span></p>\r\n								<p>\r\n									<span style="font-size: 12px;"><span style="font-family: arial,helvetica,sans-serif;"><span dir="LTR"><span><span><span>Favoriser</span></span></span>, <span><span><span>d&eacute;velopper</span></span></span> et <span><span><span>promouvoir</span></span></span> <span><span><span>toute</span></span></span> action positive en lien <span><span><span>avec</span></span></span> la <strong><span><span><span>lutte</span></span></span> <span><span><span>contre</span></span></span> le <span><span><span>r&eacute;chauffement</span></span></span> <span><span><span>climatique</span></span></span></strong> : reforestation, conservation de la <span><span><span>biodiversit&eacute;</span></span></span>, aide aux populations <span><span><span>touch&eacute;es</span></span></span> par les <span><span><span>p&eacute;nuries</span></span></span> <span><span><span>d&#39;origine</span></span></span> <span><span><span>climatique</span></span></span>, <span><span><span>s&eacute;questration</span></span></span> du CO2 <span><span><span>atmosph&eacute;rique</span></span></span>,&hellip;</span></span></span></p>\r\n								<p>\r\n									<br />\r\n									<span style="font-size: 12px;"><span style="font-family: arial,helvetica,sans-serif;"><span dir="LTR"><strong><span><span><span>Participer</span></span></span> au <span><span><span>financement</span></span></span> de <span><span><span>programmes</span></span></span> de reforestation <span><span><span>dans</span></span></span> le <span><span><span>monde</span></span></span></strong>.</span></span></span><br />\r\n									<span style="font-size: 12px;"><span style="font-family: arial,helvetica,sans-serif;"><span dir="LTR"><span><span><span>Collecter</span></span></span> des fonds </span>en <span><span><span>vue</span></span></span> du <span><span><span>financement</span></span></span> de <span><span><span>ces</span></span></span> <span><span><span>programmes</span></span></span> de reforestation <span><span><span>ou</span></span></span> de tout <span><span><span>programme</span></span></span> <span><span><span>&agrave;</span></span></span> vocation <span><span><span>&eacute;cologique</span></span></span> ;</span></span><br />\r\n									<span style="font-size: 12px;"><span style="font-family: arial,helvetica,sans-serif;"><span dir="LTR"><span><span><span>Etablir</span></span></span> des <span><span><span>partenariats</span></span></span> </span><span><span><span>avec</span></span></span> des <span><span><span>organismes</span></span></span> de plantation en <span><span><span>vue</span></span></span> du <span><span><span>financement</span></span></span> des <span><span><span>programmes</span></span></span></span></span></p>\r\n								<p>\r\n									<br />\r\n									<span style="font-size: 12px;"><span style="font-family: arial,helvetica,sans-serif;"><strong><span dir="LTR"><span><span><span>Aider</span></span></span> les populations </span></strong><span><span><span>touch&eacute;es</span></span></span> par la <span><span><span>d&eacute;forestation</span></span></span> <span><span><span>ou</span></span></span> par la <span><span><span>perte</span></span></span> de <span><span><span>ma&icirc;trise</span></span></span> <span><span><span>fonci&egrave;re</span></span></span> <span><span><span>leur</span></span></span> <span><span><span>assurant</span></span></span> <span><span><span>une</span></span></span> <span><span><span>activit&eacute;</span></span></span> locale durable</span></span><br />\r\n									<span style="font-size: 12px;"><span style="font-family: arial,helvetica,sans-serif;"><span><span><span>Participer</span></span></span> au <span><span><span>d&eacute;ploiement</span></span></span> en France et <span><span><span>&agrave;</span></span></span> <span><span><span>l&#39;international</span></span></span> <span dir="LTR">de <span><span><span>m&eacute;thodologies</span></span></span> de certification des <span><span><span>programmes</span></span></span> de reforestation.</span></span></span></p>\r\n							</td>\r\n							<td style="border-left:1px solid #ddd;vertical-align: top;">\r\n								<p style="text-align: justify;">\r\n									<span style="color:#008000;"><span style="font-size: 16px;"><strong><span style="font-family: arial,helvetica,sans-serif;"><span><span>L&#39;association</span></span> <span><span>UP2GREEN</span></span> REFORESTATION <span><span>d&eacute;veloppe</span></span> des <span><span>outils</span></span> au service de la <span><span>lutte</span></span> <span><span>contre</span></span> la <span><span>d&eacute;forestation</span></span> <span><span>dans</span></span> le <span><span>Monde</span></span> et le <span><span>r&eacute;chauffement</span></span> <span><span>climatique</span></span> :</span></strong></span></span></p>\r\n								<p>\r\n									<span style="font-size: 12px;"><span style="font-family: arial,helvetica,sans-serif;">un site de <span><span>recherche</span></span> internet qui finance la reforestation : <a href="http://www.up2green.com/" target="_blank">http://<span><span>www.up2green.com</span></span>/</a></span></span></p>\r\n								<p>\r\n									<br />\r\n									<span style="font-size: 12px;"><span style="font-family: arial,helvetica,sans-serif;"><span><span>une</span></span> <span><span>plate-forme</span></span> de reforestation <span><span>virtuelle</span></span> : <a href="http://reforestation.up2green.com/" target="_blank">http://<span><span>reforestation.up2green.com</span></span>/</a> pour planter des <span><span>arbres</span></span> (<span><span>gr&acirc;ce</span></span> aux coupons <span><span>distribu&eacute;s</span></span> par les <span><span>entreprises</span></span> <span><span>partenaires</span></span> <span><span>ou</span></span> <span><span>directement</span></span> par les <span><span>particuliers</span></span> qui <span><span>ont</span></span> <span><span>collect&eacute;</span></span> des <span><span>cr&eacute;dits</span></span> <span><span>gr&acirc;ce</span></span> au <span><span>moteur</span></span> de <span><span>recherche</span></span>).</span></span></p>\r\n								<p>\r\n									<br />\r\n									<span style="font-size: 12px;"><span style="font-family: arial,helvetica,sans-serif;">en <span><span>d&eacute;veloppant</span></span> des <span><span>partenariats</span></span> de reforestation <span><span>ou</span></span> en <span><span>finan&ccedil;ant</span></span> <span><span>ses</span></span> <span><span>propres</span></span> <span><span>programmes</span></span> (<span><span>d&eacute;tail</span></span> <span><span>sur</span></span> le site de <span><span>l&#39;Association</span></span> : <a href="http://association.up2green.com/" target="_blank">http://<span><span>association.up2green.com</span></span>/</a></span></span></p>\r\n							</td>\r\n						</tr>\r\n					</tbody>\r\n				</table>\r\n			</td>\r\n		</tr>\r\n		<tr style="background: url(''http://up2green.smartit.fr/images/newsletter/footer.png'') repeat-x scroll 0 0 transparent;">\r\n			<td style="text-align:center;color: #2C8A40;">\r\n				<p>\r\n					Association <span><span><span>Up2green</span></span></span> Reforestation - 38 rue <span><span><span>Desaix</span></span></span> 75015 Paris - FRANCE</p>\r\n			</td>\r\n		</tr>\r\n	</tbody>\r\n</table>', 'en', 'attestation-de-plantation'),
(3, 'Votre attestation de plantation', '<p>\r\n	&nbsp;</p>\r\n<table cellpadding="0" cellspacing="0" style="width:100%">\r\n	<tbody>\r\n		<tr>\r\n			<td style="text-align:center">\r\n				<a href="http://up2green.smartit.fr/" style="cursor:pointer"><img alt="Up2green Reforestation" src="http://up2green.smartit.fr/images/newsletter/header.png" /></a></td>\r\n		</tr>\r\n		<tr>\r\n			<td>\r\n				<table cellpadding="20" cellspacing="0" style="width:100%">\r\n					<tbody>\r\n						<tr>\r\n							<td colspan="2">\r\n								<h1 style="color: #2C8A40;">\r\n									<span><span>Votre attestation de plantation</span></span></h1>\r\n								<p>\r\n									<strong>Bonjour,</strong></p>\r\n								<p>\r\n									<strong><span>Vous</span> <span>venez</span> de planter %<span>treeNumber</span>% <span>arbre</span>(s) <span>sur</span> la <span>plan&egrave;te</span> !</strong></p>\r\n								<p>\r\n									<strong><span>Retrouvez</span> en <span>pi&egrave;ce</span> <span>jointe</span> <span>l&#39;attestation</span> de plantation.</strong></p>\r\n								<p>\r\n									<strong>A <span>tr&egrave;s</span> <span>bient&ocirc;t</span> pour faire <span>avancer</span> la reforestation <span>sur</span>&nbsp; <a href="http://www.up2green.com/"><span><span>www.up2green.com</span></span></a> <span>afin</span> de planter des <span>arbres</span> au <span>fil</span> de <span>vos</span> <span>recherches</span> <span>sur</span> Internet <span>dans</span> les <span>programmes</span> <span>que</span> <span>vous</span> <span>souhaitez</span>, en <span>utilisant</span> le <span>moteur</span> de <span>recherche</span> <span><span>Up2green</span></span> Reforestation.</strong></p>\r\n							</td>\r\n						</tr>\r\n						<tr>\r\n							<td colspan="2" style="vertical-align: top;">\r\n								<h1 style="color: #2C8A40;">\r\n									<span><span><span>Up2green</span> en <span>quelques</span> mots :</span></span></h1>\r\n								<p>\r\n									<strong><span style="font-size: 12px;"><span style="font-family: arial,helvetica,sans-serif;"><span>L&#39;ambition</span> de <span>toute</span> <span>l&#39;&eacute;quipe</span> <span>d&#39;UP2GREEN</span> <span>est</span> de <span>sensibiliser</span> le plus de <span>monde</span> possible au <span>D&eacute;veloppement</span> Durable et <span>&agrave;</span> la protection de la <span>Plan&egrave;te</span> en <span>g&eacute;n&eacute;ral</span>.</span></span></strong></p>\r\n							</td>\r\n						</tr>\r\n						<tr>\r\n							<td style="border-right:1px solid #aaa;vertical-align: top;">\r\n								<p style="text-align: justify;">\r\n									<span style="font-size:16px;"><span style="font-family: arial,helvetica,sans-serif;"><span style="color: rgb(0, 128, 0);"><strong><span><span><span>L&#39;association</span></span></span> <span><span><span>up2green</span></span></span> Reforestation a pour <span><span><span>objecits</span></span></span> de :</strong></span></span></span></p>\r\n								<p>\r\n									<span style="font-size: 12px;"><span style="font-family: arial,helvetica,sans-serif;"><span dir="LTR"><span><span>Favoriser</span></span>, <span><span>d&eacute;velopper</span></span> et <span><span>promouvoir</span></span> <span><span>toute</span></span> action positive en lien <span><span>avec</span></span> la <strong><span><span>lutte</span></span> <span><span>contre</span></span> le <span><span>r&eacute;chauffement</span></span> <span><span>climatique</span></span></strong> : reforestation, conservation de la <span><span>biodiversit&eacute;</span></span>, aide aux populations <span><span>touch&eacute;es</span></span> par les <span><span>p&eacute;nuries</span></span> <span><span>d&#39;origine</span></span> <span><span>climatique</span></span>, <span><span>s&eacute;questration</span></span> du CO2 <span><span>atmosph&eacute;rique</span></span>,&hellip;</span></span></span></p>\r\n								<p>\r\n									<br />\r\n									<span style="font-size: 12px;"><span style="font-family: arial,helvetica,sans-serif;"><span dir="LTR"><strong><span><span>Participer</span></span> au <span><span>financement</span></span> de <span><span>programmes</span></span> de reforestation <span><span>dans</span></span> le <span><span>monde</span></span></strong>.</span></span></span><br />\r\n									<span style="font-size: 12px;"><span style="font-family: arial,helvetica,sans-serif;"><span dir="LTR"><span><span>Collecter</span></span> des fonds </span>en <span><span>vue</span></span> du <span><span>financement</span></span> de <span><span>ces</span></span> <span><span>programmes</span></span> de reforestation <span><span>ou</span></span> de tout <span><span>programme</span></span> <span><span>&agrave;</span></span> vocation <span><span>&eacute;cologique</span></span> ;</span></span><br />\r\n									<span style="font-size: 12px;"><span style="font-family: arial,helvetica,sans-serif;"><span dir="LTR"><span><span>Etablir</span></span> des <span><span>partenariats</span></span> </span><span><span>avec</span></span> des <span><span>organismes</span></span> de plantation en <span><span>vue</span></span> du <span><span>financement</span></span> des <span><span>programmes</span></span></span></span></p>\r\n								<p>\r\n									<br />\r\n									<span style="font-size: 12px;"><span style="font-family: arial,helvetica,sans-serif;"><strong><span dir="LTR"><span><span>Aider</span></span> les populations </span></strong><span><span>touch&eacute;es</span></span> par la <span><span>d&eacute;forestation</span></span> <span><span>ou</span></span> par la <span><span>perte</span></span> de <span><span>ma&icirc;trise</span></span> <span><span>fonci&egrave;re</span></span> <span><span>leur</span></span> <span><span>assurant</span></span> <span><span>une</span></span> <span><span>activit&eacute;</span></span> locale durable</span></span><br />\r\n									<span style="font-size: 12px;"><span style="font-family: arial,helvetica,sans-serif;"><span><span>Participer</span></span> au <span><span>d&eacute;ploiement</span></span> en France et <span><span>&agrave;</span></span> <span><span>l&#39;international</span></span> <span dir="LTR">de <span><span>m&eacute;thodologies</span></span> de certification des <span><span>programmes</span></span> de reforestation.</span></span></span></p>\r\n							</td>\r\n							<td style="border-left:1px solid #ddd;vertical-align: top;">\r\n								<p style="text-align: justify;">\r\n									<span style="color:#008000;"><span style="font-size: 16px;"><strong><span style="font-family: arial,helvetica,sans-serif;"><span>L&#39;association</span> <span>UP2GREEN</span> REFORESTATION <span>d&eacute;veloppe</span> des <span>outils</span> au service de la <span>lutte</span> <span>contre</span> la <span>d&eacute;forestation</span> <span>dans</span> le <span>Monde</span> et le <span>r&eacute;chauffement</span> <span>climatique</span> :</span></strong></span></span></p>\r\n								<p>\r\n									<span style="font-size: 12px;"><span style="font-family: arial,helvetica,sans-serif;">un site de <span>recherche</span> internet qui finance la reforestation : <a href="http://www.up2green.com/" target="_blank">http://<span>www.up2green.com</span>/</a></span></span></p>\r\n								<p>\r\n									<br />\r\n									<span style="font-size: 12px;"><span style="font-family: arial,helvetica,sans-serif;"><span>une</span> <span>plate-forme</span> de reforestation <span>virtuelle</span> : <a href="http://reforestation.up2green.com/" target="_blank">http://<span>reforestation.up2green.com</span>/</a> pour planter des <span>arbres</span> (<span>gr&acirc;ce</span> aux coupons <span>distribu&eacute;s</span> par les <span>entreprises</span> <span>partenaires</span> <span>ou</span> <span>directement</span> par les <span>particuliers</span> qui <span>ont</span> <span>collect&eacute;</span> des <span>cr&eacute;dits</span> <span>gr&acirc;ce</span> au <span>moteur</span> de <span>recherche</span>).</span></span></p>\r\n								<p>\r\n									<br />\r\n									<span style="font-size: 12px;"><span style="font-family: arial,helvetica,sans-serif;">en <span>d&eacute;veloppant</span> des <span>partenariats</span> de reforestation <span>ou</span> en <span>finan&ccedil;ant</span> <span>ses</span> <span>propres</span> <span>programmes</span> (<span>d&eacute;tail</span> <span>sur</span> le site de <span>l&#39;Association</span> : <a href="http://association.up2green.com/" target="_blank">http://<span>association.up2green.com</span>/</a></span></span></p>\r\n							</td>\r\n						</tr>\r\n					</tbody>\r\n				</table>\r\n			</td>\r\n		</tr>\r\n		<tr style="background: url(''http://up2green.smartit.fr/images/newsletter/footer.png'') repeat-x scroll 0 0 transparent;">\r\n			<td style="text-align:center;color: #2C8A40;">\r\n				<p>\r\n					Association <span><span>Up2green</span></span> Reforestation - 38 rue <span><span>Desaix</span></span> 75015 Paris - FRANCE</p>\r\n			</td>\r\n		</tr>\r\n	</tbody>\r\n</table>', 'fr', 'attestation-de-plantation'),
(4, 'Attestation de plantation par Storistes de France', '<p>\r\n	&nbsp;</p>\r\n<table cellpadding="0" cellspacing="0" style="width:100%">\r\n	<tbody>\r\n		<tr>\r\n			<td style="text-align:center">\r\n				<a href="http://up2green.smartit.fr/" style="cursor:pointer"><img alt="Up2green Reforestation" src="http://up2green.smartit.fr/images/newsletter/header.png" /></a></td>\r\n		</tr>\r\n		<tr>\r\n			<td>\r\n				<table cellpadding="20" cellspacing="0" style="width:100%">\r\n					<tbody>\r\n						<tr>\r\n							<td colspan="2">\r\n								<h1 style="color: #2C8A40;">\r\n									<span><span><span>Votre</span> attestation de plantation</span></span></h1>\r\n								<p>\r\n									<strong><font face="Times New Roman" size="3"><span style="font-size: 12pt;">Bonjour,</span></font></strong></p>\r\n								<p>\r\n									<strong><font face="Times New Roman" size="3"><span style="font-size: 12pt;"><span><span>Vous</span></span> <span><span>venez</span></span> de planter 1 <span><span>arbre</span></span> <span><span>dans</span></span> <span><span>l&rsquo;un</span></span> des <span><span>programmes</span></span> <span><span>s&eacute;lectionn&eacute;</span></span> par <span><span>Storistes</span></span> de France ! <span><span>Gr&acirc;ce</span></span> <span><span>&agrave;</span></span> <span><span>cette</span></span> </span></font><font face="Arial" size="2"><span style="font-size: 10pt; font-family: Arial;">action</span></font><font face="Times New Roman" size="3"><span style="font-size: 12pt;">, 11&nbsp;000 <span><span>arbres</span></span> <span><span>vont</span></span> <span><span>&ecirc;tre</span></span> <span><span>plant&eacute;s</span></span> <span><span>cette</span></span> <span><span>ann&eacute;e</span></span>. </span></font></strong></p>\r\n								<p>\r\n									<strong><font face="Times New Roman" size="3"><span style="font-size: 12pt;"><span><span>Storistes</span></span> de France <span><span>s&rsquo;engage</span></span> pour <span><span>l&rsquo;environnement</span></span> au <span><span>travers</span></span> de <span><span>cette</span></span> <span><span>op&eacute;ration</span></span>, <span><span>mais</span></span> <span>aussi</span> au <span><span>travers</span></span> de <span>ses</span> <span>produits</span> qui <span>servent</span> la Protection <span>solaire</span>, Protection <span>thermique</span> et Protection de <span><span>l&rsquo;environnement</span></span>. Plus <span>d&rsquo;infos</span> <span>sur</span> <a href="http://www.storistes-de-france.com/" rel="nofollow" target="_blank"><span><span>www.storistes-de-france.com</span></span></a>.</span></font></strong></p>\r\n								<p>\r\n									<strong><font face="Times New Roman" size="3"><span style="font-size: 12pt;"><span>Retrouvez</span> en <span>pi&egrave;ce</span> <span>jointe</span> <span>votre</span> attestation de plantation.</span></font></strong></p>\r\n								<p>\r\n									<strong><font face="Times New Roman" size="3"><span style="font-size: 12pt;">Si <span>vous</span> <span>souhaitez</span> <span>continuer</span> <span>d&rsquo;agir</span> et faire <span>avancer</span> la reforestation, <span>rendez-vous</span> <span>sur</span>&nbsp; <a href="http://www.up2green.com/" rel="nofollow" target="_blank" title="http://www.up2green.com/"><span title="http://www.up2green.com/"><span><span>www.up2green.com</span></span></span></a>.</span></font></strong></p>\r\n								<p>\r\n									<strong><font face="Times New Roman" size="3"><span style="font-size: 12pt;">Merci encore pour <span>votre</span> <span>geste</span> pour <span><span>l&rsquo;environnement</span></span>&nbsp;!</span></font></strong></p>\r\n								<p>\r\n									<strong><font face="Times New Roman" size="3"><span style="font-size: 12pt;"><span><span>Votre</span></span> <span>Storiste</span> de France, et <span>l&rsquo;association</span> <span>Up2green</span> Reforestation</span></font></strong></p>\r\n							</td>\r\n						</tr>\r\n					</tbody>\r\n				</table>\r\n			</td>\r\n		</tr>\r\n		<tr style="background: url(''http://up2green.smartit.fr/images/newsletter/footer.png'') repeat-x scroll 0 0 transparent;">\r\n			<td style="text-align:center;color: #2C8A40;">\r\n				<p>\r\n					Association <span><span>Up2green</span></span> Reforestation - 38 rue <span><span>Desaix</span></span> 75015 Paris - FRANCE</p>\r\n			</td>\r\n		</tr>\r\n	</tbody>\r\n</table>', 'en', 'attestation-de-plantation-sdf'),
(4, 'Attestation de plantation par Storistes de France', '<p>\r\n	&nbsp;</p>\r\n<table cellpadding="0" cellspacing="0" style="width:100%">\r\n	<tbody>\r\n		<tr>\r\n			<td style="text-align:center">\r\n				<a href="http://up2green.smartit.fr/" style="cursor:pointer"><img alt="Up2green Reforestation" src="http://up2green.smartit.fr/images/newsletter/header.png" /></a></td>\r\n		</tr>\r\n		<tr>\r\n			<td>\r\n				<table cellpadding="20" cellspacing="0" style="width:100%">\r\n					<tbody>\r\n						<tr>\r\n							<td colspan="2">\r\n								<h1 style="color: #2C8A40;">\r\n									<span><span>Votre attestation de plantation</span></span></h1>\r\n								<p>\r\n									<strong><font face="Times New Roman" size="3"><span style="font-size: 12pt;">Bonjour,</span></font></strong></p>\r\n								<p>\r\n									<strong><font face="Times New Roman" size="3"><span style="font-size: 12pt;"><span>Vous</span> <span>venez</span> de planter 1 <span>arbre</span> <span>dans</span> <span>l&rsquo;un</span> des <span>programmes</span> <span>s&eacute;lectionn&eacute;</span> par <span>Storistes</span> de France ! <span>Gr&acirc;ce</span> <span>&agrave;</span> <span>cette</span> </span></font><font face="Arial" size="2"><span style="font-size: 10pt; font-family: Arial;">action</span></font><font face="Times New Roman" size="3"><span style="font-size: 12pt;">, 11&nbsp;000 <span>arbres</span> <span>vont</span> <span>&ecirc;tre</span> <span>plant&eacute;s</span> <span>cette</span> <span>ann&eacute;e</span>. </span></font></strong></p>\r\n								<p>\r\n									<strong><font face="Times New Roman" size="3"><span style="font-size: 12pt;"><span>Storistes</span> de France <span>s&rsquo;engage</span> pour <span>l&rsquo;environnement</span> au <span>travers</span> de <span>cette</span> <span>op&eacute;ration</span>, <span>mais</span> <span>aussi</span> au <span>travers</span> de <span>ses</span> <span>produits</span> qui <span>servent</span> la Protection <span>solaire</span>, Protection <span>thermique</span> et Protection de <span>l&rsquo;environnement</span>. Plus <span>d&rsquo;infos</span> <span>sur</span> <a href="http://www.storistes-de-france.com/" rel="nofollow" target="_blank"><span>www.storistes-de-france.com</span></a>.</span></font></strong></p>\r\n								<p>\r\n									<strong><font face="Times New Roman" size="3"><span style="font-size: 12pt;"><span>Retrouvez</span> en <span>pi&egrave;ce</span> <span>jointe</span> <span>votre</span> attestation de plantation.</span></font></strong></p>\r\n								<p>\r\n									<strong><font face="Times New Roman" size="3"><span style="font-size: 12pt;">Si <span>vous</span> <span>souhaitez</span> <span>continuer</span> <span>d&rsquo;agir</span> et faire <span>avancer</span> la reforestation, <span>rendez-vous</span> <span>sur</span>&nbsp; <a href="http://www.up2green.com/" rel="nofollow" target="_blank" title="http://www.up2green.com/"><span title="http://www.up2green.com/"><span>www.up2green.com</span></span></a>.</span></font></strong></p>\r\n								<p>\r\n									<strong><font face="Times New Roman" size="3"><span style="font-size: 12pt;">Merci encore pour <span>votre</span> <span>geste</span> pour <span>l&rsquo;environnement</span>&nbsp;!</span></font></strong></p>\r\n								<p>\r\n									<strong><font face="Times New Roman" size="3"><span style="font-size: 12pt;"><span>Votre</span> <span>Storiste</span> de France, et <span>l&rsquo;association</span> <span>Up2green</span> Reforestation</span></font></strong></p>\r\n							</td>\r\n						</tr>\r\n					</tbody>\r\n				</table>\r\n			</td>\r\n		</tr>\r\n		<tr style="background: url(''http://up2green.smartit.fr/images/newsletter/footer.png'') repeat-x scroll 0 0 transparent;">\r\n			<td style="text-align:center;color: #2C8A40;">\r\n				<p>\r\n					Association <span><span>Up2green</span></span> Reforestation - 38 rue <span><span>Desaix</span></span> 75015 Paris - FRANCE</p>\r\n			</td>\r\n		</tr>\r\n	</tbody>\r\n</table>', 'fr', 'attestation-de-plantation-sdf'),
(5, '%username% vous offre un coupon de reforestation !', '<table cellpadding="0" cellspacing="0" style="width:100%">\r\n	<tbody>\r\n		<tr>\r\n			<td style="text-align:center">\r\n				&nbsp;</td>\r\n		</tr>\r\n		<tr>\r\n			<td>\r\n				<table cellpadding="20" cellspacing="0" style="width:100%">\r\n					<tbody>\r\n						<tr>\r\n							<td colspan="2">\r\n								<h1 style="color: #2C8A40;">\r\n									<span>%number% <span>arbres</span> <span>&agrave;</span> planter <span>sur</span> la <span>Plan&egrave;te</span> !</span></h1>\r\n								<p>\r\n									<strong>Bonjour %<span>username1</span>%,</strong></p>\r\n								<p>\r\n									<strong>%&gt;<span>username2</span>% <span><span>vous</span></span> <span><span>offre</span></span> un coupon de plantation <span><span>sur</span></span> le site <span>avec</span> <span>l&#39;Association</span> <span>Up2green</span> Reforestation !</strong></p>\r\n								<p>\r\n									<strong><span>Vous</span> <span>pouvez</span> <span>l&#39;utiliser</span> <span>d&egrave;s</span> <span>&agrave;</span> <span>pr&eacute;sent</span> <span>sur</span> la <span>plateforme</span> de reforestation en <span>ligne</span> <span>&agrave;</span> <span>cette</span> <span>adresse</span> : <span>reforestation.up2green.com</span> et <span>choisir</span> <span>o&ugrave;</span> planter <span>vos</span> <strong>%number%</strong> <span>arbre</span>(s) <span>parmi</span> les <span>programmes</span> de reforestation <span>communautaire</span> <span>soutenus</span> par <span>l&#39;association</span> !</strong></p>\r\n								<p>\r\n									<strong><span>Votre</span> code coupon : %code%</strong></p>\r\n								<blockquote>\r\n									<p>\r\n										%message%</p>\r\n								</blockquote>\r\n							</td>\r\n						</tr>\r\n						<tr>\r\n							<td colspan="2" style="vertical-align: top;">\r\n								<h1 style="color: #2C8A40;">\r\n									<span><span><span>Up2green</span> en <span>quelques</span> mots :</span></span></h1>\r\n								<p>\r\n									<strong><span style="font-size: 12px;"><span style="font-family: arial,helvetica,sans-serif;"><span>L&#39;ambition</span> de <span>toute</span> <span>l&#39;&eacute;quipe</span> <span>d&#39;UP2GREEN</span> <span>est</span> de <span>sensibiliser</span> le plus de <span>monde</span> possible au <span>D&eacute;veloppement</span> Durable et <span>&agrave;</span> la protection de la <span>Plan&egrave;te</span> en <span>g&eacute;n&eacute;ral</span>.</span></span></strong></p>\r\n							</td>\r\n						</tr>\r\n						<tr>\r\n							<td style="border-right:1px solid #aaa;vertical-align: top;">\r\n								<p style="text-align: justify;">\r\n									<span style="font-size:16px;"><span style="font-family: arial,helvetica,sans-serif;"><span style="color: rgb(0, 128, 0);"><strong><span><span><span>L&#39;association</span></span></span> <span><span><span>up2green</span></span></span> Reforestation a pour <span><span><span>objecits</span></span></span> de :</strong></span></span></span></p>\r\n								<p>\r\n									<span style="font-size: 12px;"><span style="font-family: arial,helvetica,sans-serif;"><span dir="LTR"><span><span>Favoriser</span></span>, <span><span>d&eacute;velopper</span></span> et <span><span>promouvoir</span></span> <span><span>toute</span></span> action positive en lien <span><span>avec</span></span> la <strong><span><span>lutte</span></span> <span><span>contre</span></span> le <span><span>r&eacute;chauffement</span></span> <span><span>climatique</span></span></strong> : reforestation, conservation de la <span><span>biodiversit&eacute;</span></span>, aide aux populations <span><span>touch&eacute;es</span></span> par les <span><span>p&eacute;nuries</span></span> <span><span>d&#39;origine</span></span> <span><span>climatique</span></span>, <span><span>s&eacute;questration</span></span> du CO2 <span><span>atmosph&eacute;rique</span></span>,&hellip;</span></span></span></p>\r\n								<p>\r\n									<br />\r\n									<span style="font-size: 12px;"><span style="font-family: arial,helvetica,sans-serif;"><span dir="LTR"><strong><span><span>Participer</span></span> au <span><span>financement</span></span> de <span><span>programmes</span></span> de reforestation <span><span>dans</span></span> le <span><span>monde</span></span></strong>.</span></span></span><br />\r\n									<span style="font-size: 12px;"><span style="font-family: arial,helvetica,sans-serif;"><span dir="LTR"><span><span>Collecter</span></span> des fonds </span>en <span><span>vue</span></span> du <span><span>financement</span></span> de <span><span>ces</span></span> <span><span>programmes</span></span> de reforestation <span><span>ou</span></span> de tout <span><span>programme</span></span> <span><span>&agrave;</span></span> vocation <span><span>&eacute;cologique</span></span> ;</span></span><br />\r\n									<span style="font-size: 12px;"><span style="font-family: arial,helvetica,sans-serif;"><span dir="LTR"><span><span>Etablir</span></span> des <span><span>partenariats</span></span> </span><span><span>avec</span></span> des <span><span>organismes</span></span> de plantation en <span><span>vue</span></span> du <span><span>financement</span></span> des <span><span>programmes</span></span></span></span></p>\r\n								<p>\r\n									<br />\r\n									<span style="font-size: 12px;"><span style="font-family: arial,helvetica,sans-serif;"><strong><span dir="LTR"><span><span>Aider</span></span> les populations </span></strong><span><span>touch&eacute;es</span></span> par la <span><span>d&eacute;forestation</span></span> <span><span>ou</span></span> par la <span><span>perte</span></span> de <span><span>ma&icirc;trise</span></span> <span><span>fonci&egrave;re</span></span> <span><span>leur</span></span> <span><span>assurant</span></span> <span><span>une</span></span> <span><span>activit&eacute;</span></span> locale durable</span></span><br />\r\n									<span style="font-size: 12px;"><span style="font-family: arial,helvetica,sans-serif;"><span><span>Participer</span></span> au <span><span>d&eacute;ploiement</span></span> en France et <span><span>&agrave;</span></span> <span><span>l&#39;international</span></span> <span dir="LTR">de <span><span>m&eacute;thodologies</span></span> de certification des <span><span>programmes</span></span> de reforestation.</span></span></span></p>\r\n							</td>\r\n							<td style="border-left:1px solid #ddd;vertical-align: top;">\r\n								<p style="text-align: justify;">\r\n									<span style="color:#008000;"><span style="font-size: 16px;"><strong><span style="font-family: arial,helvetica,sans-serif;"><span>L&#39;association</span> <span>UP2GREEN</span> REFORESTATION <span>d&eacute;veloppe</span> des <span>outils</span> au service de la <span>lutte</span> <span>contre</span> la <span>d&eacute;forestation</span> <span>dans</span> le <span>Monde</span> et le <span>r&eacute;chauffement</span> <span>climatique</span> :</span></strong></span></span></p>\r\n								<ul>\r\n									<li>\r\n										<span style="font-size: 12px;"><span style="font-family: arial,helvetica,sans-serif;"><strong>un <span>moteur</span> de <span>recherche</span></strong> internet qui finance la reforestation : <a href="http://www.up2green.com/" target="_blank">http://<span>www.up2green.com</span>/</a></span></span></li>\r\n								</ul>\r\n								<p>\r\n									&nbsp;</p>\r\n								<ul>\r\n									<li>\r\n										<span style="font-size: 12px;"><span style="font-family: arial,helvetica,sans-serif;"><strong><span>une</span> <span>plate-forme</span> de reforestation en <span>ligne</span></strong> : <a href="http://reforestation.up2green.com/" target="_blank">http://<span>reforestation.up2green.com</span>/</a> pour planter des <span>arbres</span> (<span>gr&acirc;ce</span> aux coupons <span>offerts</span> par les <span>entreprises</span> <span>partenaires</span> <span>ou</span> <span>directement</span> par les <span>particuliers</span> qui <span>ont</span> <span>collect&eacute;</span> des <span>cr&eacute;dits</span> <span>gr&acirc;ce</span> au <span>moteur</span> de <span>recherche</span>).</span></span></li>\r\n								</ul>\r\n								<p>\r\n									&nbsp;</p>\r\n								<ul>\r\n									<li>\r\n										<span style="font-size: 12px;"><span style="font-family: arial,helvetica,sans-serif;"><strong>des <span>partenariats</span> de reforestation</strong> <span>pr&eacute;sent&eacute;s</span> <span>sur</span> le site de <span>l&#39;Association</span> : <a href="http://association.up2green.com/" target="_blank">http://<span>association.up2green.com</span>/</a></span></span></li>\r\n								</ul>\r\n							</td>\r\n						</tr>\r\n					</tbody>\r\n				</table>\r\n			</td>\r\n		</tr>\r\n		<tr style="background: url(''http://up2green.smartit.fr/images/newsletter/footer.png'') repeat-x scroll 0 0 transparent;">\r\n			<td style="text-align:center;color: #2C8A40;">\r\n				<p>\r\n					Association <span><span>Up2green</span></span> Reforestation - 38 rue <span><span>Desaix</span></span> 75015 Paris - FRANCE</p>\r\n			</td>\r\n		</tr>\r\n	</tbody>\r\n</table>', 'en', 'offer-coupon'),
(5, '%username% vous offre un coupon de reforestation !', '<table cellpadding="0" cellspacing="0" style="width:100%">\r\n	<tbody>\r\n		<tr>\r\n			<td style="text-align:center">\r\n				&nbsp;</td>\r\n		</tr>\r\n		<tr>\r\n			<td>\r\n				<table cellpadding="20" cellspacing="0" style="width:100%">\r\n					<tbody>\r\n						<tr>\r\n							<td colspan="2">\r\n								<h1 style="color: #2C8A40;">\r\n									<span>%number% arbres &agrave; planter sur la Plan&egrave;te !</span></h1>\r\n								<p>\r\n									<strong>Bonjour %username1%,</strong></p>\r\n								<p>\r\n									<strong>%&gt;username2% <span>vous</span> <span>offre</span> un coupon de plantation <span>sur</span> le site avec l&#39;Association Up2green Reforestation !</strong></p>\r\n								<p>\r\n									<strong>Vous pouvez l&#39;utiliser d&egrave;s &agrave; pr&eacute;sent sur la plateforme de reforestation en ligne &agrave; cette adresse : reforestation.up2green.com et choisir o&ugrave; planter vos <strong>%number%</strong> arbre(s) parmi les programmes de reforestation communautaire soutenus par l&#39;association !</strong></p>\r\n								<p>\r\n									<strong>Votre code coupon : %code%</strong></p>\r\n								<blockquote>\r\n									<p>\r\n										%message%</p>\r\n								</blockquote>\r\n							</td>\r\n						</tr>\r\n						<tr>\r\n							<td colspan="2" style="vertical-align: top;">\r\n								<h1 style="color: #2C8A40;">\r\n									<span><span>Up2green en quelques mots :</span></span></h1>\r\n								<p>\r\n									<strong><span style="font-size: 12px;"><span style="font-family: arial,helvetica,sans-serif;">L&#39;ambition de toute l&#39;&eacute;quipe d&#39;UP2GREEN est de sensibiliser le plus de monde possible au D&eacute;veloppement Durable et &agrave; la protection de la Plan&egrave;te en g&eacute;n&eacute;ral.</span></span></strong></p>\r\n							</td>\r\n						</tr>\r\n						<tr>\r\n							<td style="border-right:1px solid #aaa;vertical-align: top;">\r\n								<p style="text-align: justify;">\r\n									<span style="font-size:16px;"><span style="font-family: arial,helvetica,sans-serif;"><span style="color: rgb(0, 128, 0);"><strong><span><span>L&#39;association</span></span> <span><span>up2green</span></span> Reforestation a pour <span><span>objecits</span></span> de :</strong></span></span></span></p>\r\n								<p>\r\n									<span style="font-size: 12px;"><span style="font-family: arial,helvetica,sans-serif;"><span dir="LTR"><span>Favoriser</span>, <span>d&eacute;velopper</span> et <span>promouvoir</span> <span>toute</span> action positive en lien <span>avec</span> la <strong><span>lutte</span> <span>contre</span> le <span>r&eacute;chauffement</span> <span>climatique</span></strong> : reforestation, conservation de la <span>biodiversit&eacute;</span>, aide aux populations <span>touch&eacute;es</span> par les <span>p&eacute;nuries</span> <span>d&#39;origine</span> <span>climatique</span>, <span>s&eacute;questration</span> du CO2 <span>atmosph&eacute;rique</span>,&hellip;</span></span></span></p>\r\n								<p>\r\n									<br />\r\n									<span style="font-size: 12px;"><span style="font-family: arial,helvetica,sans-serif;"><span dir="LTR"><strong><span>Participer</span> au <span>financement</span> de <span>programmes</span> de reforestation <span>dans</span> le <span>monde</span></strong>.</span></span></span><br />\r\n									<span style="font-size: 12px;"><span style="font-family: arial,helvetica,sans-serif;"><span dir="LTR"><span>Collecter</span> des fonds </span>en <span>vue</span> du <span>financement</span> de <span>ces</span> <span>programmes</span> de reforestation <span>ou</span> de tout <span>programme</span> <span>&agrave;</span> vocation <span>&eacute;cologique</span> ;</span></span><br />\r\n									<span style="font-size: 12px;"><span style="font-family: arial,helvetica,sans-serif;"><span dir="LTR"><span>Etablir</span> des <span>partenariats</span> </span><span>avec</span> des <span>organismes</span> de plantation en <span>vue</span> du <span>financement</span> des <span>programmes</span></span></span></p>\r\n								<p>\r\n									<br />\r\n									<span style="font-size: 12px;"><span style="font-family: arial,helvetica,sans-serif;"><strong><span dir="LTR"><span>Aider</span> les populations </span></strong><span>touch&eacute;es</span> par la <span>d&eacute;forestation</span> <span>ou</span> par la <span>perte</span> de <span>ma&icirc;trise</span> <span>fonci&egrave;re</span> <span>leur</span> <span>assurant</span> <span>une</span> <span>activit&eacute;</span> locale durable</span></span><br />\r\n									<span style="font-size: 12px;"><span style="font-family: arial,helvetica,sans-serif;"><span>Participer</span> au <span>d&eacute;ploiement</span> en France et <span>&agrave;</span> <span>l&#39;international</span> <span dir="LTR">de <span>m&eacute;thodologies</span> de certification des <span>programmes</span> de reforestation.</span></span></span></p>\r\n							</td>\r\n							<td style="border-left:1px solid #ddd;vertical-align: top;">\r\n								<p style="text-align: justify;">\r\n									<span style="color:#008000;"><span style="font-size: 16px;"><strong><span style="font-family: arial,helvetica,sans-serif;">L&#39;association UP2GREEN REFORESTATION d&eacute;veloppe des outils au service de la lutte contre la d&eacute;forestation dans le Monde et le r&eacute;chauffement climatique :</span></strong></span></span></p>\r\n								<ul>\r\n									<li>\r\n										<span style="font-size: 12px;"><span style="font-family: arial,helvetica,sans-serif;"><strong>un moteur de recherche</strong> internet qui finance la reforestation : <a href="http://www.up2green.com/" target="_blank">http://www.up2green.com/</a></span></span></li>\r\n								</ul>\r\n								<p>\r\n									&nbsp;</p>\r\n								<ul>\r\n									<li>\r\n										<span style="font-size: 12px;"><span style="font-family: arial,helvetica,sans-serif;"><strong>une plate-forme de reforestation en ligne</strong> : <a href="http://reforestation.up2green.com/" target="_blank">http://reforestation.up2green.com/</a> pour planter des arbres (gr&acirc;ce aux coupons offerts par les entreprises partenaires ou directement par les particuliers qui ont collect&eacute; des cr&eacute;dits gr&acirc;ce au moteur de recherche).</span></span></li>\r\n								</ul>\r\n								<p>\r\n									&nbsp;</p>\r\n								<ul>\r\n									<li>\r\n										<span style="font-size: 12px;"><span style="font-family: arial,helvetica,sans-serif;"><strong>des partenariats de reforestation</strong> pr&eacute;sent&eacute;s sur le site de l&#39;Association : <a href="http://association.up2green.com/" target="_blank">http://association.up2green.com/</a></span></span></li>\r\n								</ul>\r\n							</td>\r\n						</tr>\r\n					</tbody>\r\n				</table>\r\n			</td>\r\n		</tr>\r\n		<tr style="background: url(''http://up2green.smartit.fr/images/newsletter/footer.png'') repeat-x scroll 0 0 transparent;">\r\n			<td style="text-align:center;color: #2C8A40;">\r\n				<p>\r\n					Association <span>Up2green</span> Reforestation - 38 rue <span>Desaix</span> 75015 Paris - FRANCE</p>\r\n			</td>\r\n		</tr>\r\n	</tbody>\r\n</table>', 'fr', 'offer-coupon'),
(6, 'base-newsletter', '<p>\r\n	a copier en anglais</p>\r\n', 'en', 'base-newsletter');
INSERT INTO `newsletter_translation` (`id`, `title`, `content`, `lang`, `slug`) VALUES
(6, 'base-newsletter', '<table cellpadding="0" cellspacing="0" style="width:100%">\r\n	<tbody>\r\n		<tr>\r\n			<td style="text-align:center">\r\n				<a href="http://up2green.smartit.fr/" style="cursor:pointer"><img alt="Up2green Reforestation" src="http://up2green.smartit.fr/images/newsletter/header.png" /></a></td>\r\n		</tr>\r\n		<tr>\r\n			<td>\r\n				<table cellpadding="20" cellspacing="0" style="width:100%">\r\n					<tbody>\r\n						<tr>\r\n							<td colspan="2">\r\n								<h1 style="color: #2C8A40;">\r\n									Titre de la newsletter</h1>\r\n								<p style="font-size:13px;font-weight:bold;text-indent:10px;">\r\n									Texte important &agrave; mettre en avant. Lorem ipsum dolor sit amet, consectetur adipiscing elit. Fusce at diam vitae odio semper sodales eu non augue. Cras libero lacus, venenatis sit amet consequat quis, dictum et mi.</p>\r\n								<p style="font-size:12px;text-indent:10px;text-align:justify;">\r\n									Lorem ipsum dolor sit amet, consectetur adipiscing elit. Fusce at diam vitae odio semper sodales eu non augue. Cras libero lacus, venenatis sit amet consequat quis, dictum et mi. Donec eu diam diam. Pellentesque convallis, turpis eget ullamcorper cursus, diam eros cursus elit, vel imperdiet magna lacus a neque. Praesent commodo pretium placerat. Maecenas et sapien enim. Mauris dapibus feugiat nibh quis aliquet. Proin molestie felis vel libero bibendum feugiat. Fusce pellentesque, neque vitae tristique rhoncus, mi risus aliquam sem, eget bibendum sapien dui sit amet erat. In sodales arcu at lectus scelerisque a interdum libero commodo. Maecenas placerat lacinia scelerisque. Donec suscipit, augue eu dictum tincidunt, magna eros tempor dolor, ut elementum mi ligula quis purus. Quisque venenatis velit nec magna tincidunt auctor eu ac felis. Sed tristique enim quis lectus consectetur varius. Duis a condimentum urna. Quisque vitae ante mauris. Nam quis quam scelerisque sapien commodo scelerisque sed eu neque.</p>\r\n							</td>\r\n						</tr>\r\n						<tr>\r\n							<td style="border-right:1px solid #aaa;vertical-align: top;">\r\n								<h2 style="color: #2C8A40;margin: 5px 0;">\r\n									Titre de la section</h2>\r\n								<p style="font-size:12px;text-indent:10px;text-align:justify;">\r\n									Lorem ipsum dolor sit amet, consectetur adipiscing elit. Fusce at diam vitae odio semper sodales eu non augue. Cras libero lacus, venenatis sit amet consequat quis, dictum et mi. Donec eu diam diam. Pellentesque convallis, turpis eget ullamcorper cursus, diam eros cursus elit, vel imperdiet magna lacus a neque. Praesent commodo pretium placerat. Maecenas et sapien enim. Mauris dapibus feugiat nibh quis aliquet. Proin molestie felis vel libero bibendum feugiat. Fusce pellentesque, neque vitae tristique rhoncus, mi risus aliquam sem, eget bibendum sapien dui sit amet erat. In sodales arcu at lectus scelerisque a interdum libero commodo. Maecenas placerat lacinia scelerisque. Donec suscipit, augue eu dictum tincidunt, magna eros tempor dolor, ut elementum mi ligula quis purus. Quisque venenatis velit nec magna tincidunt auctor eu ac felis. Sed tristique enim quis lectus consectetur varius. Duis a condimentum urna. Quisque vitae ante mauris. Nam quis quam scelerisque sapien commodo scelerisque sed eu neque.</p>\r\n							</td>\r\n							<td style="border-left:1px solid #ddd;vertical-align: top;">\r\n								<h2 style="color: #2C8A40;margin: 5px 0;">\r\n									Titre de la section</h2>\r\n								<p style="font-size:12px;text-indent:10px;text-align:justify;">\r\n									<img src="http://www.lipsum.com/images/lipsum07.gif" style="float:left;padding:5px" /> Lorem ipsum dolor sit amet, consectetur adipiscing elit. Fusce at diam vitae odio semper sodales eu non augue. Cras libero lacus, venenatis sit amet consequat quis, dictum et mi. Donec eu diam diam. Pellentesque convallis, turpis eget ullamcorper cursus, diam eros cursus elit, vel imperdiet magna lacus a neque. Praesent commodo pretium placerat. Maecenas et sapien enim. Mauris dapibus feugiat nibh quis aliquet. Proin molestie felis vel libero bibendum feugiat. Fusce pellentesque, neque vitae tristique rhoncus, mi risus aliquam sem, eget bibendum sapien dui sit amet erat. In sodales arcu at lectus scelerisque a interdum libero commodo. Maecenas placerat lacinia scelerisque. Donec suscipit, augue eu dictum tincidunt, magna eros tempor dolor, ut elementum mi ligula quis purus. Quisque venenatis velit nec magna tincidunt auctor eu ac felis. Sed tristique enim quis lectus consectetur varius. Duis a condimentum urna. Quisque vitae ante mauris. Nam quis quam scelerisque sapien commodo scelerisque sed eu neque.</p>\r\n							</td>\r\n						</tr>\r\n						<tr>\r\n							<td colspan="2">\r\n								<h2 style="color: #2C8A40;margin: 5px 0;">\r\n									Une autre section</h2>\r\n								<p style="font-size:12px;text-indent:10px;text-align:justify;">\r\n									<img src="http://www.lipsum.com/images/lipsum07.gif" style="float:left;padding:5px" /> Lorem ipsum dolor sit amet, consectetur adipiscing elit. Fusce at diam vitae odio semper sodales eu non augue. Cras libero lacus, venenatis sit amet consequat quis, dictum et mi. Donec eu diam diam. Pellentesque convallis, turpis eget ullamcorper cursus, diam eros cursus elit, vel imperdiet magna lacus a neque. Praesent commodo pretium placerat. Maecenas et sapien enim. Mauris dapibus feugiat nibh quis aliquet. Proin molestie felis vel libero bibendum feugiat. Fusce pellentesque, neque vitae tristique rhoncus, mi risus aliquam sem, eget bibendum sapien dui sit amet erat. In sodales arcu at lectus scelerisque a interdum libero commodo. Maecenas placerat lacinia scelerisque. Donec suscipit, augue eu dictum tincidunt, magna eros tempor dolor, ut elementum mi ligula quis purus. Quisque venenatis velit nec magna tincidunt auctor eu ac felis. Sed tristique enim quis lectus consectetur varius. Duis a condimentum urna. Quisque vitae ante mauris. Nam quis quam scelerisque sapien commodo scelerisque sed eu neque.</p>\r\n							</td>\r\n						</tr>\r\n					</tbody>\r\n				</table>\r\n			</td>\r\n		</tr>\r\n		<tr style="background: url(''http://up2green.smartit.fr/images/newsletter/footer.png'') repeat-x scroll 0 0 transparent;">\r\n			<td style="text-align:center;color: #2C8A40;">\r\n				<p>\r\n					Association Up2green Reforestation - 38 rue Desaix 75015 Paris - FRANCE</p>\r\n			</td>\r\n		</tr>\r\n	</tbody>\r\n</table>', 'fr', 'base-newsletter'),
(7, 'Invitation à rejoindre up2green, le moteur de recherche qui finance la reforestation !', '<p>\r\n	&nbsp;</p>\r\n<table cellpadding="0" cellspacing="0" style="width:100%">\r\n	<tbody>\r\n		<tr>\r\n			<td style="text-align:center">\r\n				<a href="http://up2green.smartit.fr/" style="cursor:pointer"><img alt="Up2green Reforestation" src="http://up2green.smartit.fr/images/newsletter/header.png" /></a></td>\r\n		</tr>\r\n		<tr>\r\n			<td>\r\n				<table cellpadding="20" cellspacing="0" style="width:100%">\r\n					<tbody>\r\n						<tr>\r\n							<td colspan="2">\r\n								<h1 style="color: #2C8A40;">\r\n									<span><span><span><span>Invitation de la part de </span></span></span></span>{username} <span>&agrave;</span> <span>rejoindre</span> <span>up2green</span> !</h1>\r\n								<p>\r\n									<strong>Bonjour,</strong></p>\r\n								<p>\r\n									<strong>{username}<span style="font-weight: bold;"> <span>vous</span> invite <span>&agrave;</span> <span>cr&eacute;er</span> un <span>compte</span> <span>sur</span> <span>www.up2green.com</span> et faire <span>partit</span> de <span>ses</span> <span>filleuls</span> ! </span></strong></p>\r\n								<p>\r\n									<span style="font-weight: bold;"><span>Up2green</span> <span>est</span> un <span>moteur</span> de <span>recherche</span> qui <span>vous</span> <span>permet</span> de <span>collecter</span> des <span>cr&eacute;dit</span> <span>arbres</span> <span>&agrave;</span> <span>utiliser</span> pour planter des <span>arbres</span> <span>sur</span> <span>notre</span> <span>plateforme</span> de <span>refrorestation</span> en <span>ligne</span>. </span></p>\r\n								<p>\r\n									<br />\r\n									<strong>A <span><span>tr&egrave;s</span></span> <span><span>bient&ocirc;t</span></span> <span><span><span>sur</span></span></span> http://<span>www.<span><span>up2green.com</span></span></span>/</strong></p>\r\n							</td>\r\n						</tr>\r\n						<tr>\r\n							<td colspan="2" style="vertical-align: top;">\r\n								<h1 style="color: #2C8A40;">\r\n									<span><span><span><span><span>Up2green</span></span></span> en <span><span><span>quelques</span></span></span> mots :</span></span></h1>\r\n								<p>\r\n									<strong><span style="font-size: 12px;"><span style="font-family: arial,helvetica,sans-serif;"><span><span><span>L&#39;ambition</span></span></span> de <span><span><span>toute</span></span></span> <span><span><span>l&#39;&eacute;quipe</span></span></span> <span><span><span>d&#39;UP2GREEN</span></span></span> <span><span><span><span>est</span></span></span></span> de <span><span><span>sensibiliser</span></span></span> le plus de <span><span><span>monde</span></span></span> possible au <span><span><span>D&eacute;veloppement</span></span></span> Durable et <span><span><span>&agrave;</span></span></span> la protection de la <span><span><span>Plan&egrave;te</span></span></span> en <span><span><span>g&eacute;n&eacute;ral</span></span></span>.</span></span></strong></p>\r\n							</td>\r\n						</tr>\r\n						<tr>\r\n							<td style="border-right:1px solid #aaa;vertical-align: top;">\r\n								<p style="text-align: justify;">\r\n									<span style="font-size:16px;"><span style="font-family: arial,helvetica,sans-serif;"><span style="color: rgb(0, 128, 0);"><strong><span><span><span><span><span>L&#39;association</span></span></span></span></span> <span><span><span><span><span><span>up2green</span></span></span></span></span></span> Reforestation a pour <span><span><span><span><span>objecits</span></span></span></span></span> de :</strong></span></span></span></p>\r\n								<p>\r\n									<span style="font-size: 12px;"><span style="font-family: arial,helvetica,sans-serif;"><span dir="LTR"><span><span><span><span>Favoriser</span></span></span></span>, <span><span><span><span>d&eacute;velopper</span></span></span></span> et <span><span><span><span>promouvoir</span></span></span></span> <span><span><span><span>toute</span></span></span></span> action positive en lien <span><span><span><span>avec</span></span></span></span> la <strong><span><span><span><span>lutte</span></span></span></span> <span><span><span><span>contre</span></span></span></span> le <span><span><span><span>r&eacute;chauffement</span></span></span></span> <span><span><span><span>climatique</span></span></span></span></strong> : reforestation, conservation de la <span><span><span><span>biodiversit&eacute;</span></span></span></span>, aide aux populations <span><span><span><span>touch&eacute;es</span></span></span></span> par les <span><span><span><span>p&eacute;nuries</span></span></span></span> <span><span><span><span>d&#39;origine</span></span></span></span> <span><span><span><span>climatique</span></span></span></span>, <span><span><span><span>s&eacute;questration</span></span></span></span> du CO2 <span><span><span><span>atmosph&eacute;rique</span></span></span></span>,&hellip;</span></span></span></p>\r\n								<p>\r\n									<br />\r\n									<span style="font-size: 12px;"><span style="font-family: arial,helvetica,sans-serif;"><span dir="LTR"><strong><span><span><span><span>Participer</span></span></span></span> au <span><span><span><span>financement</span></span></span></span> de <span><span><span><span>programmes</span></span></span></span> de reforestation <span><span><span><span>dans</span></span></span></span> le <span><span><span><span>monde</span></span></span></span></strong>.</span></span></span><br />\r\n									<span style="font-size: 12px;"><span style="font-family: arial,helvetica,sans-serif;"><span dir="LTR"><span><span><span><span>Collecter</span></span></span></span> des fonds </span>en <span><span><span><span>vue</span></span></span></span> du <span><span><span><span>financement</span></span></span></span> de <span><span><span><span>ces</span></span></span></span> <span><span><span><span>programmes</span></span></span></span> de reforestation <span><span><span><span>ou</span></span></span></span> de tout <span><span><span><span>programme</span></span></span></span> <span><span><span><span>&agrave;</span></span></span></span> vocation <span><span><span><span>&eacute;cologique</span></span></span></span> ;</span></span><br />\r\n									<span style="font-size: 12px;"><span style="font-family: arial,helvetica,sans-serif;"><span dir="LTR"><span><span><span><span>Etablir</span></span></span></span> des <span><span><span><span>partenariats</span></span></span></span> </span><span><span><span><span>avec</span></span></span></span> des <span><span><span><span>organismes</span></span></span></span> de plantation en <span><span><span><span>vue</span></span></span></span> du <span><span><span><span>financement</span></span></span></span> des <span><span><span><span>programmes</span></span></span></span></span></span></p>\r\n								<p>\r\n									<br />\r\n									<span style="font-size: 12px;"><span style="font-family: arial,helvetica,sans-serif;"><strong><span dir="LTR"><span><span><span><span>Aider</span></span></span></span> les populations </span></strong><span><span><span><span>touch&eacute;es</span></span></span></span> par la <span><span><span><span>d&eacute;forestation</span></span></span></span> <span><span><span><span>ou</span></span></span></span> par la <span><span><span><span>perte</span></span></span></span> de <span><span><span><span>ma&icirc;trise</span></span></span></span> <span><span><span><span>fonci&egrave;re</span></span></span></span> <span><span><span><span>leur</span></span></span></span> <span><span><span><span>assurant</span></span></span></span> <span><span><span><span>une</span></span></span></span> <span><span><span><span>activit&eacute;</span></span></span></span> locale durable</span></span><br />\r\n									<span style="font-size: 12px;"><span style="font-family: arial,helvetica,sans-serif;"><span><span><span><span>Participer</span></span></span></span> au <span><span><span><span>d&eacute;ploiement</span></span></span></span> en France et <span><span><span><span>&agrave;</span></span></span></span> <span><span><span><span>l&#39;international</span></span></span></span> <span dir="LTR">de <span><span><span><span>m&eacute;thodologies</span></span></span></span> de certification des <span><span><span><span>programmes</span></span></span></span> de reforestation.</span></span></span></p>\r\n							</td>\r\n							<td style="border-left:1px solid #ddd;vertical-align: top;">\r\n								<p style="text-align: justify;">\r\n									<span style="color:#008000;"><span style="font-size: 16px;"><strong><span style="font-family: arial,helvetica,sans-serif;"><span><span><span>L&#39;association</span></span></span> <span><span><span>UP2GREEN</span></span></span> REFORESTATION <span><span><span>d&eacute;veloppe</span></span></span> des <span><span><span>outils</span></span></span> au service de la <span><span><span>lutte</span></span></span> <span><span><span>contre</span></span></span> la <span><span><span>d&eacute;forestation</span></span></span> <span><span><span>dans</span></span></span> le <span><span><span>Monde</span></span></span> et le <span><span><span>r&eacute;chauffement</span></span></span> <span><span><span>climatique</span></span></span> :</span></strong></span></span></p>\r\n								<p>\r\n									<span style="font-size: 12px;"><span style="font-family: arial,helvetica,sans-serif;">un site de <span><span><span>recherche</span></span></span> internet qui finance la reforestation : <a href="http://www.up2green.com/" target="_blank">http://<span><span><span><span>www.up2green.com</span></span></span></span>/</a></span></span></p>\r\n								<p>\r\n									<br />\r\n									<span style="font-size: 12px;"><span style="font-family: arial,helvetica,sans-serif;"><span><span><span>une</span></span></span> <span><span><span>plate-forme</span></span></span> de reforestation <span><span><span>virtuelle</span></span></span> : <a href="http://reforestation.up2green.com/" target="_blank">http://<span><span><span><span>reforestation.up2green.com</span></span></span></span>/</a> pour planter des <span><span><span>arbres</span></span></span> (<span><span><span>gr&acirc;ce</span></span></span> aux coupons <span><span><span>distribu&eacute;s</span></span></span> par les <span><span><span>entreprises</span></span></span> <span><span><span>partenaires</span></span></span> <span><span><span>ou</span></span></span> <span><span><span>directement</span></span></span> par les <span><span><span>particuliers</span></span></span> qui <span><span><span>ont</span></span></span> <span><span><span>collect&eacute;</span></span></span> des <span><span><span>cr&eacute;dits</span></span></span> <span><span><span>gr&acirc;ce</span></span></span> au <span><span><span>moteur</span></span></span> de <span><span><span>recherche</span></span></span>).</span></span></p>\r\n								<p>\r\n									<br />\r\n									<span style="font-size: 12px;"><span style="font-family: arial,helvetica,sans-serif;">en <span><span><span>d&eacute;veloppant</span></span></span> des <span><span><span>partenariats</span></span></span> de reforestation <span><span><span>ou</span></span></span> en <span><span><span>finan&ccedil;ant</span></span></span> <span><span><span>ses</span></span></span> <span><span><span>propres</span></span></span> <span><span><span>programmes</span></span></span> (<span><span><span>d&eacute;tail</span></span></span> <span><span><span><span>sur</span></span></span></span> le site de <span><span><span>l&#39;Association</span></span></span> : <a href="http://association.up2green.com/" target="_blank">http://<span><span><span><span>association.up2green.com</span></span></span></span>/</a></span></span></p>\r\n							</td>\r\n						</tr>\r\n					</tbody>\r\n				</table>\r\n			</td>\r\n		</tr>\r\n		<tr style="background: url(''http://up2green.smartit.fr/images/newsletter/footer.png'') repeat-x scroll 0 0 transparent;">\r\n			<td style="text-align:center;color: #2C8A40;">\r\n				<p>\r\n					Association <span><span><span><span>Up2green</span></span></span></span> Reforestation - 38 rue <span><span><span><span>Desaix</span></span></span></span> 75015 Paris - FRANCE</p>\r\n			</td>\r\n		</tr>\r\n	</tbody>\r\n</table>\r\n', 'en', 'invitation'),
(7, 'Invitation à rejoindre up2green, le moteur de recherche qui finance la reforestation !', '<p>\r\n	&nbsp;</p>\r\n<table cellpadding="0" cellspacing="0" style="width:100%">\r\n	<tbody>\r\n		<tr>\r\n			<td style="text-align:center">\r\n				<a href="http://up2green.smartit.fr/" style="cursor:pointer"><img alt="Up2green Reforestation" src="http://up2green.smartit.fr/images/newsletter/header.png" /></a></td>\r\n		</tr>\r\n		<tr>\r\n			<td>\r\n				<table cellpadding="20" cellspacing="0" style="width:100%">\r\n					<tbody>\r\n						<tr>\r\n							<td colspan="2">\r\n								<h1 style="color: #2C8A40;">\r\n									<span><span><span><span>Invitation de la part de </span></span></span></span>{username} &agrave; rejoindre up2green !</h1>\r\n								<p>\r\n									<strong>Bonjour,</strong></p>\r\n								<p>\r\n									<strong>{username}<span style="font-weight: bold;"> vous invite &agrave; cr&eacute;er un compte sur www.up2green.com et faire partit de ses filleuls ! </span></strong></p>\r\n								<p>\r\n									<span style="font-weight: bold;">Up2green est un moteur de recherche qui vous permet de collecter des cr&eacute;dit arbres &agrave; utiliser pour planter des arbres sur notre plateforme de refrorestation en ligne. </span></p>\r\n								<p>\r\n									<br />\r\n									<strong>A <span>tr&egrave;s</span> <span>bient&ocirc;t</span> <span><span>sur</span></span> http://www.<span><span>up2green.com</span></span>/</strong></p>\r\n							</td>\r\n						</tr>\r\n						<tr>\r\n							<td colspan="2" style="vertical-align: top;">\r\n								<h1 style="color: #2C8A40;">\r\n									<span><span><span><span>Up2green</span></span> en <span><span>quelques</span></span> mots :</span></span></h1>\r\n								<p>\r\n									<strong><span style="font-size: 12px;"><span style="font-family: arial,helvetica,sans-serif;"><span><span>L&#39;ambition</span></span> de <span><span>toute</span></span> <span><span>l&#39;&eacute;quipe</span></span> <span><span>d&#39;UP2GREEN</span></span> <span><span><span>est</span></span></span> de <span><span>sensibiliser</span></span> le plus de <span><span>monde</span></span> possible au <span><span>D&eacute;veloppement</span></span> Durable et <span><span>&agrave;</span></span> la protection de la <span><span>Plan&egrave;te</span></span> en <span><span>g&eacute;n&eacute;ral</span></span>.</span></span></strong></p>\r\n							</td>\r\n						</tr>\r\n						<tr>\r\n							<td style="border-right:1px solid #aaa;vertical-align: top;">\r\n								<p style="text-align: justify;">\r\n									<span style="font-size:16px;"><span style="font-family: arial,helvetica,sans-serif;"><span style="color: rgb(0, 128, 0);"><strong><span><span><span><span>L&#39;association</span></span></span></span> <span><span><span><span><span>up2green</span></span></span></span></span> Reforestation a pour <span><span><span><span>objecits</span></span></span></span> de :</strong></span></span></span></p>\r\n								<p>\r\n									<span style="font-size: 12px;"><span style="font-family: arial,helvetica,sans-serif;"><span dir="LTR"><span><span><span>Favoriser</span></span></span>, <span><span><span>d&eacute;velopper</span></span></span> et <span><span><span>promouvoir</span></span></span> <span><span><span>toute</span></span></span> action positive en lien <span><span><span>avec</span></span></span> la <strong><span><span><span>lutte</span></span></span> <span><span><span>contre</span></span></span> le <span><span><span>r&eacute;chauffement</span></span></span> <span><span><span>climatique</span></span></span></strong> : reforestation, conservation de la <span><span><span>biodiversit&eacute;</span></span></span>, aide aux populations <span><span><span>touch&eacute;es</span></span></span> par les <span><span><span>p&eacute;nuries</span></span></span> <span><span><span>d&#39;origine</span></span></span> <span><span><span>climatique</span></span></span>, <span><span><span>s&eacute;questration</span></span></span> du CO2 <span><span><span>atmosph&eacute;rique</span></span></span>,&hellip;</span></span></span></p>\r\n								<p>\r\n									<br />\r\n									<span style="font-size: 12px;"><span style="font-family: arial,helvetica,sans-serif;"><span dir="LTR"><strong><span><span><span>Participer</span></span></span> au <span><span><span>financement</span></span></span> de <span><span><span>programmes</span></span></span> de reforestation <span><span><span>dans</span></span></span> le <span><span><span>monde</span></span></span></strong>.</span></span></span><br />\r\n									<span style="font-size: 12px;"><span style="font-family: arial,helvetica,sans-serif;"><span dir="LTR"><span><span><span>Collecter</span></span></span> des fonds </span>en <span><span><span>vue</span></span></span> du <span><span><span>financement</span></span></span> de <span><span><span>ces</span></span></span> <span><span><span>programmes</span></span></span> de reforestation <span><span><span>ou</span></span></span> de tout <span><span><span>programme</span></span></span> <span><span><span>&agrave;</span></span></span> vocation <span><span><span>&eacute;cologique</span></span></span> ;</span></span><br />\r\n									<span style="font-size: 12px;"><span style="font-family: arial,helvetica,sans-serif;"><span dir="LTR"><span><span><span>Etablir</span></span></span> des <span><span><span>partenariats</span></span></span> </span><span><span><span>avec</span></span></span> des <span><span><span>organismes</span></span></span> de plantation en <span><span><span>vue</span></span></span> du <span><span><span>financement</span></span></span> des <span><span><span>programmes</span></span></span></span></span></p>\r\n								<p>\r\n									<br />\r\n									<span style="font-size: 12px;"><span style="font-family: arial,helvetica,sans-serif;"><strong><span dir="LTR"><span><span><span>Aider</span></span></span> les populations </span></strong><span><span><span>touch&eacute;es</span></span></span> par la <span><span><span>d&eacute;forestation</span></span></span> <span><span><span>ou</span></span></span> par la <span><span><span>perte</span></span></span> de <span><span><span>ma&icirc;trise</span></span></span> <span><span><span>fonci&egrave;re</span></span></span> <span><span><span>leur</span></span></span> <span><span><span>assurant</span></span></span> <span><span><span>une</span></span></span> <span><span><span>activit&eacute;</span></span></span> locale durable</span></span><br />\r\n									<span style="font-size: 12px;"><span style="font-family: arial,helvetica,sans-serif;"><span><span><span>Participer</span></span></span> au <span><span><span>d&eacute;ploiement</span></span></span> en France et <span><span><span>&agrave;</span></span></span> <span><span><span>l&#39;international</span></span></span> <span dir="LTR">de <span><span><span>m&eacute;thodologies</span></span></span> de certification des <span><span><span>programmes</span></span></span> de reforestation.</span></span></span></p>\r\n							</td>\r\n							<td style="border-left:1px solid #ddd;vertical-align: top;">\r\n								<p style="text-align: justify;">\r\n									<span style="color:#008000;"><span style="font-size: 16px;"><strong><span style="font-family: arial,helvetica,sans-serif;"><span><span>L&#39;association</span></span> <span><span>UP2GREEN</span></span> REFORESTATION <span><span>d&eacute;veloppe</span></span> des <span><span>outils</span></span> au service de la <span><span>lutte</span></span> <span><span>contre</span></span> la <span><span>d&eacute;forestation</span></span> <span><span>dans</span></span> le <span><span>Monde</span></span> et le <span><span>r&eacute;chauffement</span></span> <span><span>climatique</span></span> :</span></strong></span></span></p>\r\n								<p>\r\n									<span style="font-size: 12px;"><span style="font-family: arial,helvetica,sans-serif;">un site de <span><span>recherche</span></span> internet qui finance la reforestation : <a href="http://www.up2green.com/" target="_blank">http://<span><span><span>www.up2green.com</span></span></span>/</a></span></span></p>\r\n								<p>\r\n									<br />\r\n									<span style="font-size: 12px;"><span style="font-family: arial,helvetica,sans-serif;"><span><span>une</span></span> <span><span>plate-forme</span></span> de reforestation <span><span>virtuelle</span></span> : <a href="http://reforestation.up2green.com/" target="_blank">http://<span><span><span>reforestation.up2green.com</span></span></span>/</a> pour planter des <span><span>arbres</span></span> (<span><span>gr&acirc;ce</span></span> aux coupons <span><span>distribu&eacute;s</span></span> par les <span><span>entreprises</span></span> <span><span>partenaires</span></span> <span><span>ou</span></span> <span><span>directement</span></span> par les <span><span>particuliers</span></span> qui <span><span>ont</span></span> <span><span>collect&eacute;</span></span> des <span><span>cr&eacute;dits</span></span> <span><span>gr&acirc;ce</span></span> au <span><span>moteur</span></span> de <span><span>recherche</span></span>).</span></span></p>\r\n								<p>\r\n									<br />\r\n									<span style="font-size: 12px;"><span style="font-family: arial,helvetica,sans-serif;">en <span><span>d&eacute;veloppant</span></span> des <span><span>partenariats</span></span> de reforestation <span><span>ou</span></span> en <span><span>finan&ccedil;ant</span></span> <span><span>ses</span></span> <span><span>propres</span></span> <span><span>programmes</span></span> (<span><span>d&eacute;tail</span></span> <span><span><span>sur</span></span></span> le site de <span><span>l&#39;Association</span></span> : <a href="http://association.up2green.com/" target="_blank">http://<span><span><span>association.up2green.com</span></span></span>/</a></span></span></p>\r\n							</td>\r\n						</tr>\r\n					</tbody>\r\n				</table>\r\n			</td>\r\n		</tr>\r\n		<tr style="background: url(''http://up2green.smartit.fr/images/newsletter/footer.png'') repeat-x scroll 0 0 transparent;">\r\n			<td style="text-align:center;color: #2C8A40;">\r\n				<p>\r\n					Association <span><span><span>Up2green</span></span></span> Reforestation - 38 rue <span><span><span>Desaix</span></span></span> 75015 Paris - FRANCE</p>\r\n			</td>\r\n		</tr>\r\n	</tbody>\r\n</table>\r\n', 'fr', 'invitation'),
(8, 'Newsletter n°1', '<table cellpadding="0" cellspacing="0" width="650">\r\n	<tbody>\r\n		<tr>\r\n			<td style="text-align: center">\r\n				<table border="0" cellpadding="0" cellspacing="0" height="180" width="650">\r\n					<tbody>\r\n						<tr>\r\n							<td height="144" width="241">\r\n								<img height="144" src="../../../images/newsletter/header_01.gif" width="241" /></td>\r\n							<td height="144" width="168">\r\n								<img height="144" src="../../../images/newsletter/header_02.gif" width="168" /></td>\r\n							<td height="144" width="241">\r\n								<img height="144" src="../../../images/newsletter/header_03.gif" width="241" /></td>\r\n						</tr>\r\n						<tr>\r\n							<td height="36" style="background: url(/images/newsletter/header_04.gif) no-repeat transparent" width="241">\r\n								<strong><span style="color: rgb(255, 255, 255);">Newsletter n&deg;1</span></strong></td>\r\n							<td height="36" width="168">\r\n								<strong><span style="color:#ffffff;"><img height="36" src="../../../images/newsletter/header_05.gif" width="168" /></span></strong></td>\r\n							<td height="36" style="background: url(/images/newsletter/header_06.gif) no-repeat transparent" width="241">\r\n								<strong><span style="color: rgb(255, 255, 255);">17 <span>Juin</span> 2011</span></strong></td>\r\n						</tr>\r\n					</tbody>\r\n				</table>\r\n			</td>\r\n		</tr>\r\n		<tr>\r\n			<td>\r\n				<table cellpadding="10" cellspacing="0" style="width: 100%;">\r\n					<tbody>\r\n						<tr>\r\n							<td colspan="2">\r\n								<h1 style="color: #2c8a40">\r\n									<span style="color:#008000;"><span>Up2green</span> <span>&eacute;volue</span> !</span></h1>\r\n								<p style="margin-bottom: 0.5cm">\r\n									<b>Le <span>moteur</span> de <span>recherche</span> <span>d&#39;Up2green</span> Reforestation a <span>beaucoup</span> <span>chang&eacute;</span>, <span>nous</span> <span>avons</span> fait un <span>gros</span> travail <span>ces</span> <span>derni&egrave;res</span> <span>semaines</span> pour <span>vous</span> proposer <span>une</span> <span>meilleure</span> <span>exp&eacute;rience</span> <span>utilisateur</span>. </b></p>\r\n								<p style="margin-bottom: 0.5cm;">\r\n									<b>Au <span>programme</span> :</b></p>\r\n								<ul>\r\n									<li>\r\n										<strong><span><span>Parrainez</span></span> <span><span>vos</span></span> <span><span>amis</span></span> et <span><span>gagnez</span></span> 10% de <span><span>leurs</span></span> <span><span>cr&eacute;dits</span></span> <span><span>arbres</span></span> au <span><span>fil</span></span> de <span><span>leurs</span></span> <span><span>recherches</span></span> ! </strong></li>\r\n									<li>\r\n										<strong><span><span>Offrez</span></span> des <span><span>arbres</span></span> <span><span>&agrave;</span></span> planter <span><span>sur</span></span> la <span><span>Plan&egrave;te</span></span> <span><span>gr&acirc;ce</span></span> <span><span>&agrave;</span></span> nos coupons <span><span>cadeaux</span></span>&nbsp;de reforestation ! </strong></li>\r\n									<li>\r\n										<strong><span><span>D&eacute;couvrez</span></span> <span><span>notre</span></span> nouvelle <span><span>google</span></span> map pour <span><span>choisir</span></span> encore <span><span>mieux</span></span> <span><span>o&ugrave;</span></span> planter <span><span>vos</span></span> <span><span>arbres</span></span> ! </strong></li>\r\n									<li>\r\n										<strong>Un module de <span><span>paiement</span></span> via <span><span>Paypal</span></span> pour <span><span>cr&eacute;diter</span></span> <span><span>facilement</span></span> <span><span>votre</span></span> <span><span>compte</span></span> <span><span>Up2green</span></span> en <span><span>arbres</span></span> !</strong></li>\r\n								</ul>\r\n								<p style="margin-bottom: 0.5cm">\r\n									<b><span><span>Nous</span></span> <span><span>am&eacute;liorons</span></span> <span><span>notre</span></span> communication en <span><span>vous</span></span> <span><span>proposant</span></span> de <span><span>suivre</span></span> <span><span>Up2green</span></span> Reforestation <span><span>sur</span></span> les <span><span>r&eacute;seaux</span></span> <span><span>sociaux</span></span> et <span><span>d&#39;&ecirc;tre</span></span> <span><span>tenu</span></span> au courant des <span><span>nouveaut&eacute;s</span></span>&nbsp; : </b><b><span>d&egrave;s</span></b><b> <span>maintenant</span> <span>suivez</span> <span>notre</span> <span>actualit&eacute;</span> <span>sur</span> <a href="http://twitter.com/up2green" target="_blank"><span style="color:#008000;">Twitter</span></a> et <a href="http://www.facebook.com/pages/Up2green/224019854294331" target="_blank"><span style="color:#008000;">Facebook</span></a></b></p>\r\n							</td>\r\n						</tr>\r\n						<tr>\r\n							<td style="vertical-align: top; border-right: #aaa 1px solid; width: 50%;">\r\n								<p style="margin-bottom: 0.5cm">\r\n									<strong><font color="#008000"><font face="arial, helvetica, sans-serif"><font size="3"><strong><font color="#008000"><font face="arial, helvetica, sans-serif"><font size="3"><span>Parrainez</span> <span>vos</span> <span>amis</span> et <span>gagnez</span> encore plus de <span>cr&eacute;dits</span> <span>arbres</span> !</font></font></font></strong></font></font></font></strong></p>\r\n								<p style="margin-bottom: 0.5cm">\r\n									<font face="arial, helvetica, sans-serif"><font face="arial, helvetica, sans-serif"><font face="arial, helvetica, sans-serif"><span><span>Nous</span></span> <span><span>avons</span></span> <span><span>mis</span></span> en place un <strong>nouveau <span><span>syst&egrave;me</span></span> de <span><span>parrainage</span></span></strong> <span><span>vous</span></span> <span><span>permettant</span></span> <span><span>d&#39;inviter</span></span> <span><span>vos</span></span> <span><span>proches</span></span> <span><span>&agrave;</span></span> <span><span>nous</span></span> <span><span>rejoindre</span>.</span></font></font></font></p>\r\n								<p style="margin-bottom: 0.5cm;">\r\n									<font face="arial, helvetica, sans-serif"><font face="arial, helvetica, sans-serif"><font face="arial, helvetica, sans-serif">A <span>chaque</span> <span>cr&eacute;dit</span> <span>arbre</span> <span>gagn&eacute;</span> par <span>vos</span> <span>filleuls</span> <strong><span>vous</span> <span>accumulez</span> 10 % de <span>leurs</span> gains en <span>cr&eacute;dits</span> <span>arbres</span> </strong><span>que</span> <span>vous</span> <span>pourrez</span> <span>ensuite</span> planter via la <span>plate-forme</span> de reforestation !</font></font></font></p>\r\n								<p style="margin-bottom: 0.5cm">\r\n									<font face="arial, helvetica, sans-serif"><font face="arial, helvetica, sans-serif"><font face="arial, helvetica, sans-serif"><span>N&#39;h&eacute;sitez</span> <span>donc</span> pas a faire <span>conna&icirc;tre</span> <span>Up2green</span> a <span>votre</span> <span>famille</span> et a <span>vos</span> <span>amis</span> !</font></font></font></p>\r\n							</td>\r\n							<td style="border-left: #ddd 1px solid; vertical-align: top width: 50%;">\r\n								<p>\r\n									<strong><font color="#008000"><font face="arial, helvetica, sans-serif"><font size="3"><span>Faites</span> <span>d&eacute;couvrir</span> <span>up2green</span> en <span>offrant</span> un coupon de plantation <span>&agrave;</span> <span>votre</span> <span>famille</span> et <span>&agrave;</span> <span>vos</span> <span>amis</span> !</font></font></font></strong></p>\r\n								<p>\r\n									<span>Vous</span> <span>voulez</span> faire <strong>un <span>cadeau</span> <span>ou</span> <span>une</span> surprise unique</strong> a <span>l&#39;un</span> de <span>vos</span> <span>proches</span> ?</p>\r\n								<p>\r\n									<span>Alors</span> <span>pourquoi</span> ne pas <span>lui</span> <strong><span>offrir</span> des <span>arbres</span> <span>&agrave;</span> planter <span>sur</span> la <span>Plan&egrave;te</span>&nbsp;?</strong></p>\r\n								<p>\r\n									<span>Vous</span> <span>pouvez</span> <span>d&eacute;s</span> <span>maintenant</span> <span>lui</span> <span>offrir</span> un coupon plantation en <span>utilisant</span> <span>votre</span> <span>compte</span> <span>Paypal</span> ! (<span>d&#39;autres</span> modes <span>d&#39;achat</span> <span>disponibles</span> <span>bient&ocirc;t</span>)</p>\r\n								<p>\r\n									Il <span>pourra</span> <span>lui</span> <span>aussi</span> <span>participer</span> <span>activement</span> a la reforestation de la <span>plan&egrave;te</span> et <span>choisir</span> le <span>programme</span> <span>auquel</span> <span>il</span> <span>d&eacute;sire</span> <span>contribuer</span> !</p>\r\n							</td>\r\n						</tr>\r\n						<tr>\r\n							<td style="vertical-align: top; border-right: #aaa 1px solid">\r\n								<p style="margin-bottom: 0.5cm">\r\n									<strong><font color="#008000"><font face="arial, helvetica, sans-serif"><font size="3">Nouvelle Google Map !</font></font></font></strong></p>\r\n								<p style="margin-bottom: 0.5cm">\r\n									<span>L&#39;&eacute;quipe</span> <span>d&#39;Up2green</span> Reforestation a fait un <span>gros</span> travail <span>sur</span> la <span>google</span> map de la <span>plate-forme</span> de plantation en <span>ligne</span>. <span>Cela</span> <span>vous</span> <span>permet</span> de <span>visualiser</span> plus en <span>d&eacute;tails</span> nos <span>programmes</span> de reforestation <span>communautaires</span>.</p>\r\n								<p style="margin-bottom: 0.5cm">\r\n									<span>Une</span> <span>partie</span> de <span>notre</span> <span>&eacute;quipe</span> <span>est</span> <span>d&#39;ailleurs</span> <span>actuellement</span> entrain de <span>collecter</span> les <span>coordonn&eacute;es</span> GPS <span>sur</span> le terrain <span>afin</span> de <span>visualiser</span> <span>chaque</span> <span>parcelle</span> de plantation !</p>\r\n								<p style="margin-bottom: 0.5cm">\r\n									<span>Vous</span> <span>avez</span>&nbsp;<span>&eacute;galement</span> la <span>possibilit&eacute;</span> de <span>voir</span> la <span>capacit&eacute;</span> de plantation des <span>programmes</span> <span>afin</span> de <span>pouvoir</span> <span>juger</span> par <span>vous</span> <span>m&ecirc;me</span> de <span>l&#39;avancement</span> des plantations et de <span>voir</span> les <span>programmes</span> qui <span>ont</span> le plus <span>besoin</span> de&nbsp;<span>vous</span>.</p>\r\n							</td>\r\n							<td style="border-left: #ddd 1px solid; vertical-align: top">\r\n								<p>\r\n									<strong><font color="#008000"><font face="arial, helvetica, sans-serif"><font size="3"><span><span>Up2green</span></span> <span><span>s&#39;enrichit</span></span> <span><span>d&#39;un</span></span> module de <span><span>paiement</span></span> via <span><span>Paypal</span></span> !</font></font></font></strong></p>\r\n								<p>\r\n									<span><span>Maintenant</span></span> <span><span>vous</span></span> <span><span>pouvez</span></span> <span><span>participer</span></span> encore plus <span><span>activement</span></span> <span><span>&agrave;</span></span> la reforestation en <span><span>cr&eacute;ditant</span></span> <span><span>votre</span></span> <span><span>compte</span></span> en <span><span>arbres</span></span> via <span><span>Paypal</span></span> (<span><span>d&#39;autres</span></span> modes <span><span>d&#39;achat</span></span> <span><span>disponibles</span></span> <span><span>bient&ocirc;t</span></span>).</p>\r\n								<p>\r\n									<strong><span>D&egrave;s</span> <span><span>maintenant</span></span> <span><span>vous</span></span> <span><span>pouvez</span></span> <span>acheter</span> <span>directement</span> des <span><span>cr&eacute;dits</span></span> <span><span>arbres</span></span> via <span><span>Paypal</span></span></strong> et les planter <span><span>sur</span></span> la <span><span>parcelle</span></span> de <span><span>votre</span></span> <span>choix</span> ! Les <span><span>cr&eacute;dits</span></span> <span><span>arbres</span></span> <span>achet&eacute;s</span> via <span><span>Paypal</span></span> <span>sont</span> <span>identiques</span> aux <span><span>cr&eacute;dits</span></span> <span><span>arbres</span></span> <span>accumul&eacute;s</span> <span>gratuitement</span>&nbsp;<span>lors</span> de <span><span>vos</span></span> <span><span>recherches</span></span> <span><span>sur</span></span> <span><span>Up2green</span></span>. <span><span>Vous</span></span> <span><span>pouvez</span></span> <span><span>ensuite</span></span> les planter via la <span>plateforme</span> de reforestation <span>dans</span> le <span><span>programme</span></span> de <span><span>votre</span></span> <span>choix</span>.</p>\r\n							</td>\r\n						</tr>\r\n						<tr>\r\n							<td colspan="2" style="vertical-align: top">\r\n								<p style="margin-bottom: 0.5cm">\r\n									<strong><font color="#4b0082"><font size="3">Partenaires, pour <span>vous</span> <span>aussi</span> le plein de <span>nouveaut&eacute;s</span> !</font></font></strong></p>\r\n								<p style="margin-bottom: 0.5cm">\r\n									<span>Up2green</span> travaille <span>activement</span> pour <span>que</span> <span>vous</span> puissiez accompagner <span>vos</span> utilisateurs dans leur actes de reforestation ! <span>Vous</span> <span>pouvez</span> d&eacute;sormais <span>mieux</span> g&eacute;rer <span>vos</span> coupons dans la section &quot;Mes coupons&quot; de <span>votre</span> profil et exporter les donn&eacute;es si <span>vous</span> en <span>avez</span> <span>besoin</span>.</p>\r\n								<p style="margin-bottom: 0.5cm">\r\n									<span>Nous</span> travaillons <span>actuellement</span> pour <span>pouvoir</span> <span>vous</span> permettre de modifier simplement <span>votre</span> logo, <span>votre</span> accroche et <span>&eacute;galement</span> <span>vous</span> permettre de cr&eacute;er <span>votre</span> page personnalis&eacute;e pour <span>vos</span> visiteurs !</p>\r\n								<p style="margin-bottom: 0.5cm">\r\n									Suivez l&#39;actualit&eacute; de l&#39;Association <span>Up2green</span> Reforestation, <span>ces</span> nouvelles fonctionnalit&eacute;s approchent !</p>\r\n							</td>\r\n						</tr>\r\n					</tbody>\r\n				</table>\r\n			</td>\r\n		</tr>\r\n		<tr>\r\n			<td>\r\n				<table style="width: 100%;">\r\n					<tbody>\r\n						<tr>\r\n							<td style="width: 100%;">\r\n								<ul>\r\n									<li>\r\n										<span style="font-size:12px;"><strong><a href="http://association.up2green.com/article/nos_objectifs"><span style="color: rgb(0, 128, 0);">Qui sommes <span>nous</span> ?</span></a></strong></span></li>\r\n									<li>\r\n										<span style="font-size:12px;"><strong><a href="http://reforestation.up2green.com/"><span style="color: rgb(0, 128, 0);">Plantez un <span>arbre</span> !</span></a></strong></span></li>\r\n									<li>\r\n										<span style="font-size:12px;"><strong><a href="http://up2green.com/checkout/coupon"><span style="color: rgb(0, 128, 0);"><span>Offrez</span> un arbe !</span></a></strong></span></li>\r\n									<li>\r\n										<span style="font-size:12px;"><strong><a href="http://up2green.com/checkout/credit"><span style="color: rgb(0, 128, 0);">Aidez l&#39;association</span></a></strong></span></li>\r\n								</ul>\r\n							</td>\r\n							<td>\r\n								<img src="../../../images/newsletter/footer-plante.gif" /></td>\r\n							<td>\r\n								<table cellpadding="15" cellspacing="0" height="220" style="background: url(/images/newsletter/footer-right.jpg) no-repeat transparent" width="280">\r\n									<tbody>\r\n										<tr>\r\n											<td style="text-align: right; height: 80px;">\r\n												<a href="http://association.up2green.com/" target="_blank"><span style="color:#008000;"><span style="font-size: 11px;"><strong>Le blog de l&#39;association</strong></span></span></a></td>\r\n										</tr>\r\n										<tr>\r\n											<td style="text-align: right; height: 70px;">\r\n												<a href="http://www.up2green.com/" target="_blank"><span style="color:#008000;"><span style="font-size: 11px;"><strong>Le <span>moteur</span> de <span>recherche</span></strong></span></span></a></td>\r\n										</tr>\r\n										<tr>\r\n											<td style="text-align: right;">\r\n												<p>\r\n													<a href="http://reforestation.up2green.com/" target="_blank"><span style="color:#008000;"><span style="font-size: 11px;"><strong>plateforme de reforestation</strong></span></span></a></p>\r\n											</td>\r\n										</tr>\r\n									</tbody>\r\n								</table>\r\n							</td>\r\n						</tr>\r\n					</tbody>\r\n				</table>\r\n				<p style="text-align: center;">\r\n					<span style="color:#8e7766;"><span style="font-size: 9px;">Conform&eacute;ment <span>&agrave;</span> la loi Informatique et Libert&eacute; du 6 janvier 1978, <span>vous</span> disposez <span>d&#39;un</span> droit d&#39;acc&egrave;s, de rectification et de suppression des informations <span>vous</span> concernant. Si <span>vous</span> ne souhaites plus recevoir nos informations, merci de modificier les param&egrave;tres de <span>votre</span> <span>compte</span> <a href="http://up2green.com/user/profil">ici</a> <span>ou</span> d&#39;envoyer un e-mail <span>&agrave;</span> <a href="mailto:webmaster@up2green.com?subject=D%C3%A9sinscription"><span>webmaster@up2green.com</span></a></span></span></p>\r\n				<p style="text-align: center;">\r\n					<span style="color:#8e7766;"><span style="font-size: 9px;">Association <span><span><span><span><span>Up2green</span></span></span></span></span> Reforestation - 38 rue <span><span><span><span>Desaix</span></span></span></span> 75015 Paris - FRANCE</span></span></p>\r\n			</td>\r\n		</tr>\r\n	</tbody>\r\n</table>\r\n', 'en', 'newsletter-1');
INSERT INTO `newsletter_translation` (`id`, `title`, `content`, `lang`, `slug`) VALUES
(8, 'Newsletter n°1', '<table cellpadding="0" cellspacing="0" width="650">\r\n	<tbody>\r\n		<tr>\r\n			<td style="text-align: center">\r\n				<table border="0" cellpadding="0" cellspacing="0" height="180" width="650">\r\n					<tbody>\r\n						<tr>\r\n							<td height="144" width="241">\r\n								<img height="144" src="/images/newsletter/header_01.gif" width="241" /></td>\r\n							<td height="144" width="168">\r\n								<img height="144" src="/images/newsletter/header_02.gif" width="168" /></td>\r\n							<td height="144" width="241">\r\n								<img height="144" src="/images/newsletter/header_03.gif" width="241" /></td>\r\n						</tr>\r\n						<tr>\r\n							<td height="36" style="background: url(/images/newsletter/header_04.gif) no-repeat transparent" width="241">\r\n								<span style="font-size:10px;"><strong><span style="color: rgb(255, 255, 255);">Newsletter n&deg;1</span></strong></span></td>\r\n							<td height="36" width="168">\r\n								<span style="font-size:10px;"><strong><span style="color: rgb(255, 255, 255);"><img height="36" src="/images/newsletter/header_05.gif" width="168" /></span></strong></span></td>\r\n							<td height="36" style="background: url(/images/newsletter/header_06.gif) no-repeat transparent" width="241">\r\n								<span style="font-size:10px;"><strong><span style="color: rgb(255, 255, 255);">17 Juin 2011</span></strong></span></td>\r\n						</tr>\r\n					</tbody>\r\n				</table>\r\n			</td>\r\n		</tr>\r\n		<tr>\r\n			<td>\r\n				<table cellpadding="10" cellspacing="0" style="width: 100%;">\r\n					<tbody>\r\n						<tr>\r\n							<td colspan="2">\r\n								<h1 style="color: #2c8a40">\r\n									<span style="color:#008000;">Up2green &eacute;volue !<span _fck_bookmark="1" style="display: none;">&nbsp;<span _fck_bookmark="1" style="display: none;">&nbsp;</span></span></span></h1>\r\n								<p style="margin-bottom: 0.5cm">\r\n									Up2green a beaucoup chang&eacute;, nous avons fait un gros travail ces derni&egrave;res semaines pour vous proposer de nouvelles fonctionnalit&eacute;s afin que nous plantions ensemble encore plus d&#39;arbres sur la Plan&egrave;te.</p>\r\n								<span _fck_bookmark="1" style="display: none;">&nbsp;</span><span _fck_bookmark="1" style="display: none;">&nbsp;</span>\r\n								<p style="margin-bottom: 0.5cm;">\r\n									<strong>Au programme :</strong></p>\r\n								<ul>\r\n									<li>\r\n										<strong><span>Plantez</span> <span><span>gratuitement </span></span>des <span>arbres</span> au <span>fil</span> de <span>vos</span> <span>recherches </span>sur Internet !</strong></li>\r\n									<li>\r\n										<strong><span>Parrainez</span> <span>vos</span> <span>amis</span> ! </strong></li>\r\n									<li>\r\n										<strong><span>Offrez</span> des <span>arbres</span> <span>&agrave;</span> planter <span>sur</span> la <span>Plan&egrave;te</span> ! </strong></li>\r\n									<li>\r\n										<strong><span>D&eacute;couvrez</span> les programmes sur <span>notre</span> nouvelle <span>google</span> map ! </strong></li>\r\n								</ul>\r\n								<p style="margin-bottom: 0.5cm">\r\n									<span>Nous</span> <span>am&eacute;liorons</span> <span>notre</span> communication en <span>vous</span> <span>proposant</span> de <span>suivre</span> <span>Up2green</span> Reforestation <span>sur</span> les <span>r&eacute;seaux</span> <span>sociaux</span> et <span>d&#39;&ecirc;tre</span> <span>tenu</span> au courant des <span>nouveaut&eacute;s</span>&nbsp; : d&egrave;s maintenant suivez notre actualit&eacute; sur <a href="http://twitter.com/up2green" target="_blank"><span style="color:#008000;">Twitter</span></a> et <a href="http://www.facebook.com/pages/Up2green/224019854294331" target="_blank"><span style="color:#008000;">Facebook</span></a></p>\r\n							</td>\r\n						</tr>\r\n						<tr>\r\n							<td style="vertical-align: top; border-right: #aaa 1px solid; width: 50%;">\r\n								<p style="margin-bottom: 0.5cm">\r\n									<strong><font color="#008000"><font face="arial, helvetica, sans-serif"><font size="3"><strong><font color="#008000"><font face="arial, helvetica, sans-serif"><font size="3">Parrainez vos amis et gagnez encore plus de cr&eacute;dits arbres !</font></font></font></strong></font></font></font></strong></p>\r\n								<p style="margin-bottom: 0.5cm">\r\n									<font face="arial, helvetica, sans-serif"><font face="arial, helvetica, sans-serif"><font face="arial, helvetica, sans-serif">Un <strong>nouveau <span>syst&egrave;me</span> de <span>parrainage</span></strong> <span>vous</span> <span>permet</span> <span>d&#39;inviter</span> <span>vos</span> <span>proches</span> <span>&agrave;</span> <span>nous</span> <span>rejoindre.</span></font></font></font></p>\r\n								<p style="margin-bottom: 0.5cm;">\r\n									<font face="arial, helvetica, sans-serif"><font face="arial, helvetica, sans-serif"><font face="arial, helvetica, sans-serif">Au fil des recherches de vos filleuls <strong>vous accumulez 10 % de leurs gains en cr&eacute;dits arbres </strong>que vous pouvez ensuite planter via la plate-forme de reforestation !</font></font></font></p>\r\n								<p style="margin-bottom: 0.5cm">\r\n									<font face="arial, helvetica, sans-serif"><font face="arial, helvetica, sans-serif"><font face="arial, helvetica, sans-serif">N&#39;h&eacute;sitez donc pas a faire conna&icirc;tre Up2green &agrave; votre famille et &agrave; vos amis !</font></font></font></p>\r\n							</td>\r\n							<td style="border-left: #ddd 1px solid; vertical-align: top width: 50%;">\r\n								<p>\r\n									<strong><font color="#008000"><font face="arial, helvetica, sans-serif"><font size="3">Faites d&eacute;couvrir up2green en offrant un coupon de plantation &agrave; votre famille et &agrave; vos amis !</font></font></font></strong></p>\r\n								<p>\r\n									<strong>Un cadeau unique</strong> &agrave; l&#39;un de vos proches ?</p>\r\n								<p>\r\n									Pourquoi ne pas lui <strong>offrir des arbres &agrave; planter sur la Plan&egrave;te&nbsp;?</strong></p>\r\n								<p>\r\n									Vous pouvez d&egrave;s maintenant lui offrir un coupon plantation en utilisant votre compte up2green.</p>\r\n								<p>\r\n									<strong>Il choisira lui-m&ecirc;me o&ugrave; les planter sur la plan&egrave;te </strong>parmi les programmes auxquels il d&eacute;sire contribuer !</p>\r\n							</td>\r\n						</tr>\r\n						<tr>\r\n							<td style="vertical-align: top; border-right: #aaa 1px solid">\r\n								<p style="margin-bottom: 0.5cm">\r\n									<strong><font color="#008000"><font face="arial, helvetica, sans-serif"><font size="3">Nouvelle Google Map !</font></font></font></strong></p>\r\n								<p style="margin-bottom: 0.5cm">\r\n									L&#39;&eacute;quipe d&#39;Up2green Reforestation a fait un gros travail sur la google map de la plate-forme de plantation en ligne. Cela vous permet de visualiser plus en d&eacute;tails nos programmes de reforestation communautaires.</p>\r\n								<p style="margin-bottom: 0.5cm">\r\n									Une partie de notre &eacute;quipe est d&#39;ailleurs actuellement entrain de <strong>collecter les coordonn&eacute;es GPS sur le terrain </strong>afin de visualiser chaque parcelle de plantation !</p>\r\n								<p style="margin-bottom: 0.5cm">\r\n									Vous avez&nbsp;&eacute;galement la possibilit&eacute; de voir <strong>la capacit&eacute; de plantation des programmes</strong> afin de pouvoir juger par vous m&ecirc;me de l&#39;avancement des plantations et de voir les programmes qui ont le plus besoin de&nbsp;vous.</p>\r\n							</td>\r\n							<td style="border-left: #ddd 1px solid; vertical-align: top">\r\n								<p>\r\n									<strong><font color="#008000"><font face="arial, helvetica, sans-serif"><font size="3"><span>Up2green</span> <span>s&#39;enrichit</span> <span>d&#39;un</span> module de <span>paiement</span> via <span>Paypal</span> !</font></font></font></strong></p>\r\n								<p>\r\n									<span>Maintenant</span> <span>vous</span> <span>pouvez</span> <span>participer</span> encore plus <span>activement</span> <span>&agrave;</span> la reforestation en <span>cr&eacute;ditant</span> <span>votre</span> <span>compte</span> en <span>arbres.</span></p>\r\n								<p>\r\n									<strong><span>D&egrave;s</span> <span>maintenant</span> <span>vous</span> <span>pouvez</span> <span>acheter</span> <span>directement</span> des <span>cr&eacute;dits</span> <span>arbres</span> via <span>Paypal</span></strong> et les planter dans le programme de <span>votre</span> <span>choix</span> ! Les <span>cr&eacute;dits</span> <span>arbres</span> <span>achet&eacute;s</span> via <span>Paypal</span> <span>sont</span> <span>identiques</span> aux <span>cr&eacute;dits</span> <span>arbres</span> <span>accumul&eacute;s</span> <span>gratuitement</span>&nbsp;<span>lors</span> de <span>vos</span> <span>recherches</span> <span>sur le moteur</span> <span>Up2green</span>. <span>Vous</span> <span>pouvez</span> <span>ensuite</span> les planter via la <span>plateforme</span> de reforestation <span>dans</span> le <span>programme</span> de <span>votre</span> <span>choix</span>.</p>\r\n							</td>\r\n						</tr>\r\n						<tr>\r\n							<td colspan="2" style="vertical-align: top">\r\n								<p style="margin-bottom: 0.5cm">\r\n									<strong><font color="#4b0082"><font size="3">Partenaires, pour vous aussi le plein de nouveaut&eacute;s !</font></font></strong></p>\r\n								<p style="margin-bottom: 0.5cm;">\r\n									<strong>Des cartes cadeau reforestation pour vos clients ou collaborateurs, utilisables via une plate-forme de plantation en ligne personnalisable !</strong></p>\r\n								<p style="margin-bottom: 0.5cm;">\r\n									Vous pouvez d&eacute;sormais visualiser directement <strong>l&#39;utilisation en temps r&eacute;el des coupons</strong> que vous avez offerts dans la section &quot;Mes coupons&quot; de votre profil partenaire. Il est &eacute;galement possible d<strong>&#39;exporter</strong><strong> les donn&eacute;es</strong> si vous souhaitez les analyser plus en d&eacute;tails.</p>\r\n								<p style="margin-bottom: 0.5cm">\r\n									Nous travaillons par ailleurs sur une version avanc&eacute;e de l&#39;interface d&#39;administration vous permettant de <strong>personnaliser la plate-forme de reforestation </strong>que nous mettons &agrave; votre disposition. Vous pourrez ainsi modifier simplement votre logo, votre accroche, l&#39;attestation de plantation et cr&eacute;er votre page personnelle pour accueillir vos visiteurs !</p>\r\n								<p style="margin-bottom: 0.5cm">\r\n									Suivez l&#39;actualit&eacute; de l&#39;Association Up2green Reforestation, ces nouvelles fonctionnalit&eacute;s approchent !</p>\r\n							</td>\r\n						</tr>\r\n					</tbody>\r\n				</table>\r\n			</td>\r\n		</tr>\r\n		<tr>\r\n			<td>\r\n				<table style="width: 100%;">\r\n					<tbody>\r\n						<tr>\r\n							<td style="width: 100%;">\r\n								<ul>\r\n									<li>\r\n										<span style="font-size:12px;"><strong><a href="http://association.up2green.com/article/nos_objectifs"><span style="color: rgb(0, 128, 0);">Qui sommes nous ?</span></a></strong></span></li>\r\n									<li>\r\n										<span style="font-size:12px;"><strong><a href="http://reforestation.up2green.com/"><span style="color: rgb(0, 128, 0);">Plantez un arbre !</span></a></strong></span></li>\r\n									<li>\r\n										<span style="font-size:12px;"><strong><a href="http://up2green.com/checkout/coupon"><span style="color: rgb(0, 128, 0);">Offrez des arbres !</span></a></strong></span></li>\r\n									<li>\r\n										<span style="font-size:12px;"><strong><a href="http://up2green.com/checkout/credit"><span style="color: rgb(0, 128, 0);">Aidez l&#39;association</span></a></strong></span></li>\r\n								</ul>\r\n							</td>\r\n							<td>\r\n								<img src="/images/newsletter/footer-plante.gif" /></td>\r\n							<td>\r\n								<table cellpadding="15" cellspacing="0" height="220" style="background: url(/images/newsletter/footer-right.jpg) no-repeat transparent" width="280">\r\n									<tbody>\r\n										<tr>\r\n											<td style="text-align: right; height: 80px;">\r\n												<a href="http://association.up2green.com/" target="_blank"><span style="color:#008000;"><span style="font-size: 11px;"><strong>Le blog de l&#39;association</strong></span></span></a></td>\r\n										</tr>\r\n										<tr>\r\n											<td style="text-align: right; height: 70px;">\r\n												<a href="http://www.up2green.com/" target="_blank"><span style="color:#008000;"><span style="font-size: 11px;"><strong>Le moteur de recherche</strong></span></span></a></td>\r\n										</tr>\r\n										<tr>\r\n											<td style="text-align: right;">\r\n												<p>\r\n													<a href="http://reforestation.up2green.com/" target="_blank"><span style="color:#008000;"><span style="font-size: 11px;"><strong>plateforme de reforestation</strong></span></span></a></p>\r\n											</td>\r\n										</tr>\r\n									</tbody>\r\n								</table>\r\n							</td>\r\n						</tr>\r\n					</tbody>\r\n				</table>\r\n				<p style="text-align: center;">\r\n					<span style="color:#8e7766;"><span style="font-size: 9px;">Conform&eacute;ment &agrave; la loi Informatique et Libert&eacute; du 6 janvier 1978, vous disposez d&#39;un droit d&#39;acc&egrave;s, de rectification et de suppression des informations vous concernant. Si vous ne souhaites plus recevoir nos informations, merci de modificier les param&egrave;tres de votre compte <a href="http://up2green.com/user/profil">ici</a> ou d&#39;envoyer un e-mail &agrave; <a href="mailto:webmaster@up2green.com?subject=D%C3%A9sinscription">webmaster@up2green.com</a></span></span></p>\r\n				<p style="text-align: center;">\r\n					<span style="color:#8e7766;"><span style="font-size: 9px;">Association <span><span><span><span>Up2green</span></span></span></span> Reforestation - 38 rue <span><span><span><span>Desaix</span></span></span></span> 75015 Paris - FRANCE</span></span></p>\r\n			</td>\r\n		</tr>\r\n	</tbody>\r\n</table>\r\n', 'fr', 'newsletter-1'),
(9, 'preinsription', '<p>\r\n	&nbsp;</p>\r\n<table cellpadding="0" cellspacing="0" style="width:100%">\r\n	<tbody>\r\n		<tr>\r\n			<td style="text-align:center">\r\n				<a href="http://up2green.smartit.fr/" style="cursor:pointer"><img alt="Up2green Reforestation" src="http://up2green.smartit.fr/images/newsletter/header.png" /></a></td>\r\n		</tr>\r\n		<tr>\r\n			<td>\r\n				<table cellpadding="20" cellspacing="0" style="width:100%">\r\n					<tbody>\r\n						<tr>\r\n							<td colspan="2">\r\n								<h1 style="color: #2C8A40;">\r\n									<span><span><span><span><span>Nouveau site <span>up2green</span> </span>!</span></span></span></span></h1>\r\n								<p>\r\n									<span style="font-weight: bold;"><span><span>Up2green</span></span> a <span><span>beaucoup</span></span> <span><span>chang&eacute;</span></span> <span>depuis</span> <span>votre</span> dernier passage. <span>Nous</span> <span>avons</span> <span>enti&egrave;rement</span> <span>revu</span> <span>l&#39;ensmble</span> de nos sites pour <span>vous</span> <span>permetre</span> <span>d&#39;agir</span> pour la reforestation en <span>vous</span> <span>proposant</span> <span>une</span> <span>exp&eacute;rience</span> <span>utilisateur</span> unique ! </span></p>\r\n								<p style="text-align: justify;">\r\n									<span style="font-size: 12px;"><strong><span style="font-family: arial,helvetica,sans-serif;"><u>L&#39;association UP2GREEN REFORESTATION <span style="color: rgb(128, 0, 128);">d&eacute;veloppe des outils</span> au service de la lutte contre la d&eacute;forestation dans le Monde et le r&eacute;chauffement climatique :</u></span></strong></span></p>\r\n								<ul style="margin-left: 40px;">\r\n									<li style="text-align: justify;">\r\n										<span style="font-size: 12px;"><span style="font-family: arial,helvetica,sans-serif;">un site de recherche internet qui finance la reforestation : <a href="http://www.up2green.com/" target="_blank">http://<span>www.up2green.com</span>/</a></span></span></li>\r\n									<li style="text-align: justify;">\r\n										<span style="font-size: 12px;"><span style="font-family: arial,helvetica,sans-serif;"><span>une</span> plate-forme de reforestation virtuelle : <a href="http://reforestation.up2green.com/" target="_blank">http://<span>reforestation.up2green.com</span>/</a> pour planter des arbres (gr&acirc;ce aux coupons distribu&eacute;s par les entreprises partenaires ou directement par les particuliers qui <span>ont</span> collect&eacute; des cr&eacute;dits gr&acirc;ce au moteur de recherche).</span></span></li>\r\n									<li style="text-align: justify;">\r\n										<span style="font-size: 12px;"><span style="font-family: arial,helvetica,sans-serif;">en d&eacute;veloppant des partenariats de reforestation ou en finan&ccedil;ant ses propres <span>programmes</span> (<span>d&eacute;tail</span> <span>sur</span> le site de l&#39;Association : <a href="http://association.up2green.com/" target="_blank">http://<span>association.up2green.com</span>/</a></span></span></li>\r\n								</ul>\r\n							</td>\r\n						</tr>\r\n						<tr>\r\n							<td style="border-right:1px solid #aaa;vertical-align: top;">\r\n								<p>\r\n									<span style="font-size:16px;"><span style="font-family: arial,helvetica,sans-serif;"><span style="color: rgb(0, 128, 0);"><strong><span><span><span><span><span><span><span>Up2green</span></span> <span><span>s&#39;enrichi</span></span> <span><span>d&#39;un</span></span> module de <span><span>paiement</span></span></span></span></span></span></span></strong></span></span></span></p>\r\n								<p>\r\n									<span><span>Maintenant</span></span> <span><span>vous</span></span> <span><span>pouvez</span></span> <span><span>participer</span></span> encore plus <span>activement</span> <span>&agrave;</span> la reforestation en <span>cr&eacute;ditant</span> <span>votre</span> <span>compte</span> via <span>Paypal</span> (<span>d&#39;autres</span> mode de <span>paiements</span> <span>arriveront</span> <span>bientot</span>).</p>\r\n							</td>\r\n							<td style="border-left:1px solid #ddd;vertical-align: top;">\r\n								<p style="text-align: justify;">\r\n									<span style="color:#008000;"><span style="font-size: 16px;"><strong><span style="font-family: arial,helvetica,sans-serif;"><span><span><span><span>Faites</span> <span>d&eacute;couvrir</span> <span><span>up2green</span></span> en <span>offrant</span> un coupon de plantation <span>&agrave;</span> <span>votre</span> <span>famille</span> et <span>&agrave;</span> <span>vos</span> <span>amis</span> !</span></span></span></span></strong></span></span></p>\r\n								<p>\r\n									<span><span><span>Maintenant</span></span></span> <span><span><span>vous</span></span></span> <span><span><span>pouvez</span></span></span> <span><span><span>participer</span></span></span> encore plus <span><span>activement</span></span> <span><span>&agrave;</span></span> la reforestation en <span><span>cr&eacute;ditant</span></span> <span><span>votre</span></span> <span><span>compte</span></span> via <span><span>Paypal</span></span> (<span><span>d&#39;autres</span></span> m</p>\r\n								<p>\r\n									&nbsp;</p>\r\n								<p>\r\n									&nbsp;</p>\r\n							</td>\r\n						</tr>\r\n						<tr>\r\n							<td style="vertical-align: top;">\r\n								<p>\r\n									<span style="font-size:16px;"><span style="font-family: arial,helvetica,sans-serif;"><span style="color: rgb(0, 128, 0);"><strong><span><span><span><span><span><span>Nouvelle Google Map !</span></span></span></span></span></span></strong></span></span></span></p>\r\n								<p>\r\n									<span><span>Nous</span> <span><span>avons</span></span> fait un <span><span>gros</span></span> travail <span>sur</span> la <span>google</span> map de la <span>plateforme</span> de plantation pour <span><span>vous</span></span> <span>permet</span> de <span>visualiser</span> plus en <span>d&eacute;tail</span> nos <span>programmes</span> de reforestation. </span></p>\r\n								<p>\r\n									<span><span>Une</span> <span>partie</span> de <span>notre</span> <span>&eacute;quipe</span> <span>est</span> <span>actuelement</span> en train de <span>collecter</span> des <span>coordon&eacute;e</span> GPS <span>sur</span> le terrain</span> <span>afin</span> de <span><span>nous</span></span> <span>permetrre</span> de <span><span>vous</span></span> <span>repr&eacute;senter</span> <span>chaque</span> <span>parcelle</span> de plantation !</p>\r\n								<p>\r\n									<span>Vous</span> <span>avez</span> <span>aussi</span> <span>maintenant</span> la <span>possibilit&eacute;</span> de <span>voir</span> le <span>taux</span> de <span>remplissage</span> des <span>programmes</span> pour <span>que</span> <span><span>vous</span></span> <span>jugiez</span> <span><span>vous</span></span> meme <span>o&ugrave;</span> les <span>collectivit&eacute;</span> locales <span>ont</span> <span>besoins</span> de <span><span>vous</span></span>.</p>\r\n							</td>\r\n							<td style="vertical-align: top;">\r\n								<p>\r\n									<span style="font-size:16px;"><span style="font-family: arial,helvetica,sans-serif;"><span style="color: rgb(0, 128, 0);"><strong><span><span><span><span><span><span><span>Parainez</span> <span>vos</span> <span>amis</span> et <span>gagner</span> encore plus de <span>cr&eacute;dit</span> !</span></span></span></span></span></span></strong></span></span></span></p>\r\n								<p>\r\n									<span><span>Nous</span> <span><span>avons</span></span> <span>mis</span> en place un <span>syst&egrave;me</span> de <span>parainage</span> <span><span>vous</span></span> <span>permettant</span> <span>d&#39;inviter</span> <span>vos</span> <span>amis</span> <span>&agrave;</span> <span><span>nous</span></span> <span>rejoindre</span>.</span></p>\r\n								<p>\r\n									A <span>chaque</span> <span>cr&eacute;dit</span> <span>arbre</span> <span>gagn&eacute;</span> par <span>vos</span> <span>filleuls</span> <span><span>vous</span></span> en <span>gagnerez</span> en plus 10% !</p>\r\n							</td>\r\n						</tr>\r\n					</tbody>\r\n				</table>\r\n			</td>\r\n		</tr>\r\n		<tr style="background: url(''http://up2green.smartit.fr/images/newsletter/footer.png'') repeat-x scroll 0 0 transparent;">\r\n			<td style="text-align:center;color: #2C8A40;">\r\n				<p>\r\n					Association <span><span><span><span><span><span>Up2green</span></span></span></span></span></span> Reforestation - 38 rue <span><span><span><span><span>Desaix</span></span></span></span></span> 75015 Paris - FRANCE</p>\r\n			</td>\r\n		</tr>\r\n	</tbody>\r\n</table>\r\n', 'en', 'preinsription'),
(9, 'preinsription', '<p>\r\n	&nbsp;</p>\r\n<table cellpadding="0" cellspacing="0" style="width:100%">\r\n	<tbody>\r\n		<tr>\r\n			<td style="text-align:center">\r\n				<a href="http://up2green.smartit.fr/" style="cursor:pointer"><img alt="Up2green Reforestation" src="http://up2green.smartit.fr/images/newsletter/header.png" /></a></td>\r\n		</tr>\r\n		<tr>\r\n			<td>\r\n				<table cellpadding="20" cellspacing="0" style="width:100%">\r\n					<tbody>\r\n						<tr>\r\n							<td colspan="2">\r\n								<h1 style="color: #2C8A40;">\r\n									<span><span><span><span><span>Nouveau site up2green </span>!</span></span></span></span></h1>\r\n								<p>\r\n									<span style="font-weight: bold;"><span>Up2green</span> a <span>beaucoup</span> <span>chang&eacute;</span> depuis votre dernier passage. Nous avons enti&egrave;rement revu l&#39;ensemble de nos sites pour vous permettre d&#39;agir pour la reforestation en vous proposant une exp&eacute;rience utilisateur unique ! </span></p>\r\n								<p style="text-align: justify;">\r\n									<span style="font-size: 12px;"><strong><span style="font-family: arial,helvetica,sans-serif;"><u>L&#39;association UP2GREEN REFORESTATION <span style="color: rgb(128, 0, 128);">d&eacute;veloppe des outils</span> au service de la lutte contre la d&eacute;forestation dans le Monde et le r&eacute;chauffement climatique :</u></span></strong></span></p>\r\n								<ul style="margin-left: 40px;">\r\n									<li style="text-align: justify;">\r\n										<span style="font-size: 12px;"><span style="font-family: arial,helvetica,sans-serif;">un site de recherche internet qui finance la reforestation : <a href="http://www.up2green.com/" target="_blank">http://www.up2green.com/</a></span></span></li>\r\n									<li style="text-align: justify;">\r\n										<span style="font-size: 12px;"><span style="font-family: arial,helvetica,sans-serif;">une plate-forme de reforestation virtuelle : <a href="http://reforestation.up2green.com/" target="_blank">http://reforestation.up2green.com/</a> pour planter des arbres (gr&acirc;ce aux coupons offerts par les entreprises partenaires ou directement par les particuliers qui ont collect&eacute; des cr&eacute;dits gr&acirc;ce au moteur de recherche).</span></span></li>\r\n									<li style="text-align: justify;">\r\n										<span style="font-size: 12px;"><span style="font-family: arial,helvetica,sans-serif;">en d&eacute;veloppant des partenariats de reforestation ou en finan&ccedil;ant ses propres programmes (d&eacute;tail sur le site de l&#39;Association : <a href="http://association.up2green.com/" target="_blank">http://association.up2green.com/</a></span></span></li>\r\n								</ul>\r\n							</td>\r\n						</tr>\r\n						<tr>\r\n							<td style="border-right:1px solid #aaa;vertical-align: top;">\r\n								<p>\r\n									<span style="font-size:16px;"><span style="font-family: arial,helvetica,sans-serif;"><span style="color: rgb(0, 128, 0);"><strong><span><span><span><span><span><span>Up2green</span> <span>s&#39;enrichi</span> <span>d&#39;un</span> module de <span>paiement</span></span></span></span></span></span></strong></span></span></span></p>\r\n								<p>\r\n									<span>Maintenant</span> <span>vous</span> <span>pouvez</span> <span>participer</span> encore plus activement &agrave; la reforestation en cr&eacute;ditant votre compte via Paypal (d&#39;autres mode de paiements arriveront bientot).</p>\r\n							</td>\r\n							<td style="border-left:1px solid #ddd;vertical-align: top;">\r\n								<p style="text-align: justify;">\r\n									<span style="color:#008000;"><span style="font-size: 16px;"><strong><span style="font-family: arial,helvetica,sans-serif;"><span><span><span>Faites d&eacute;couvrir <span>up2green</span> en offrant un coupon de plantation &agrave; votre famille et &agrave; vos amis !</span></span></span></span></strong></span></span></p>\r\n								<p>\r\n									<span><span>Maintenant</span></span> <span><span>vous</span></span> <span><span>pouvez</span></span> <span><span>participer</span></span> encore plus <span>activement</span> <span>&agrave;</span> la reforestation en <span>cr&eacute;ditant</span> <span>votre</span> <span>compte</span> via <span>Paypal</span> (<span>d&#39;autres</span> m</p>\r\n								<p>\r\n									&nbsp;</p>\r\n								<p>\r\n									&nbsp;</p>\r\n							</td>\r\n						</tr>\r\n						<tr>\r\n							<td style="vertical-align: top;">\r\n								<p>\r\n									<span style="font-size:16px;"><span style="font-family: arial,helvetica,sans-serif;"><span style="color: rgb(0, 128, 0);"><strong><span><span><span><span><span><span>Nouvelle Google Map !</span></span></span></span></span></span></strong></span></span></span></p>\r\n								<p>\r\n									<span>Nous <span>avons</span> fait un <span>gros</span> travail sur la google map de la plateforme de plantation pour <span>vous</span> permet de visualiser plus en d&eacute;tail nos programmes de reforestation. </span></p>\r\n								<p>\r\n									<span>Une partie de notre &eacute;quipe est actuelement en train de collecter des coordon&eacute;e GPS sur le terrain</span> afin de <span>nous</span> permetrre de <span>vous</span> repr&eacute;senter chaque parcelle de plantation !</p>\r\n								<p>\r\n									Vous avez aussi maintenant la possibilit&eacute; de voir le taux de remplissage des programmes pour que <span>vous</span> jugiez <span>vous</span> meme o&ugrave; les collectivit&eacute; locales ont besoins de <span>vous</span>.</p>\r\n							</td>\r\n							<td style="vertical-align: top;">\r\n								<p>\r\n									<span style="font-size:16px;"><span style="font-family: arial,helvetica,sans-serif;"><span style="color: rgb(0, 128, 0);"><strong><span><span><span><span><span><span>Parainez vos amis et gagner encore plus de cr&eacute;dit !</span></span></span></span></span></span></strong></span></span></span></p>\r\n								<p>\r\n									<span>Nous <span>avons</span> mis en place un syst&egrave;me de parainage <span>vous</span> permettant d&#39;inviter vos amis &agrave; <span>nous</span> rejoindre.</span></p>\r\n								<p>\r\n									A chaque cr&eacute;dit arbre gagn&eacute; par vos filleuls <span>vous</span> en gagnerez en plus 10% !</p>\r\n							</td>\r\n						</tr>\r\n					</tbody>\r\n				</table>\r\n			</td>\r\n		</tr>\r\n		<tr style="background: url(''http://up2green.smartit.fr/images/newsletter/footer.png'') repeat-x scroll 0 0 transparent;">\r\n			<td style="text-align:center;color: #2C8A40;">\r\n				<p>\r\n					Association <span><span><span><span><span>Up2green</span></span></span></span></span> Reforestation - 38 rue <span><span><span><span>Desaix</span></span></span></span> 75015 Paris - FRANCE</p>\r\n			</td>\r\n		</tr>\r\n	</tbody>\r\n</table>', 'fr', 'preinsription');

--
-- Contenu de la table `organisme_point`
--

INSERT INTO `organisme_point` (`id`, `latitude`, `longitude`, `altitude`, `organisme_id`) VALUES
(1, 39.003806, -77.040471, 0.000000, 2),
(2, 14.680582, -17.448349, 0.000000, 6),
(3, 49.010334, 2.034565, 0.000000, 7),
(4, 48.852192, 2.292083, 0.000000, 8),
(5, 48.845521, 2.395623, 0.000000, 9),
(6, 48.800988, 2.435229, 0.000000, 10),
(7, 47.692260, -122.542058, 0.000000, 11);

--
-- Contenu de la table `partenaire`
--

INSERT INTO `partenaire` (`id`, `user_id`, `logo`, `title`, `accroche`, `description`, `url`, `created_at`, `updated_at`, `page`, `attestation`) VALUES
(1, 2, 'c188161dc944a4680835b266299e3afe82aebb71.jpg', 'DYRUP', '<p>\r\n	<span style="font-size: 14px;"><strong>DYRUP vous souhaite une belle ann&eacute;e 2011</strong> et&nbsp;vous offre un arbre &agrave; planter sur la Plan&egrave;te &agrave; l&#39;occasion de l&#39;ann&eacute;e internationale de la For&ecirc;t !</span></p>\r\n', '<br />\r\n', 'http://dyrup.fr/', '2010-09-06 11:35:34', '2010-12-08 22:24:36', NULL, NULL),
(2, 3, 'ac845805c4f537762f8eb346a9974b0182e61ab1.jpg', 'Etude Notariale', '<p>\r\n	Nous vous offrons un arbre &agrave; planter sur la Plan&egrave;te</p>\r\n', '<br />\r\n', 'http://www.exemple.com', '2010-09-20 23:05:29', '2010-10-21 20:31:30', NULL, NULL),
(3, 4, '', 'Partenaire de test', '<p>\r\n	accroche du partenaire dadzdazz</p>\r\n', '<p>\r\n	Lorem ipsum dolor sit amet, consectetur adipiscing elit. Nulla dictum convallis ipsum, eu sagittis purus convallis ac. Quisque quis urna arcu. Mauris enim quam, pellentesque et porttitor et, pellentesque sed risus. Proin tempus mollis urna, hendrerit ornare nibh consectetur ac. Vestibulum ante ipsum primis in faucibus orci luctus et ultrices posuere cubilia Curae; Vivamus et lectus magna. Fusce sed tellus eros, id consequat arcu. Vivamus urna nunc, vehicula nec facilisis vel, luctus vel elit. Quisque mattis tempus porttitor. Maecenas lobortis, tellus ut gravida feugiat, turpis magna bibendum erat, bibendum vehicula nisi nulla eget magna. Etiam sit amet sem eget sapien vestibulum mollis tristique et justo. Cras at ligula vitae lectus cursus vestibulum. Phasellus et est justo. Pellentesque habitant morbi tristique senectus et netus et malesuada fames ac turpis egestas. Fusce varius volutpat dignissim. Curabitur mollis gravida quam, at tincidunt ligula fringilla ac. Praesent congue turpis et arcu pretium tincidunt. Vivamus congue ultricies sapien sit amet vulputate. Phasellus nec sapien eu nisi tincidunt elementum.</p>\r\n', 'http://www.up2green.com', '2010-09-20 23:37:44', '2011-06-15 23:25:42', '<table cellpadding="0" cellspacing="0" width="650">\r\n	<tbody>\r\n		<tr>\r\n			<td style="text-align: center">\r\n				<table border="0" cellpadding="0" cellspacing="0" height="180" width="650">\r\n					<tbody>\r\n						<tr>\r\n							<td height="144" width="241">\r\n								<img height="144" src="http://admin-up2green.smartit.fr/images/newsletter/header_01.gif" width="241" /></td>\r\n							<td height="144" width="168">\r\n								<img height="144" src="http://admin-up2green.smartit.fr/images/newsletter/header_02.gif" width="168" /></td>\r\n							<td height="144" width="241">\r\n								<img height="144" src="http://admin-up2green.smartit.fr/images/newsletter/header_03.gif" width="241" /></td>\r\n						</tr>\r\n						<tr>\r\n							<td height="36" style="background: url(/images/newsletter/header_04.gif) no-repeat transparent" width="241">\r\n								<span style="font-size:10px;"><strong><span style="color: rgb(255, 255, 255);">Newsletter n&deg;1</span></strong></span></td>\r\n							<td height="36" width="168">\r\n								<span style="font-size:10px;"><strong><span style="color: rgb(255, 255, 255);"><img height="36" src="http://admin-up2green.smartit.fr/images/newsletter/header_05.gif" width="168" /></span></strong></span></td>\r\n							<td height="36" style="background: url(/images/newsletter/header_06.gif) no-repeat transparent" width="241">\r\n								<span style="font-size:10px;"><strong><span style="color: rgb(255, 255, 255);">17 Juin 2011</span></strong></span></td>\r\n						</tr>\r\n					</tbody>\r\n				</table>\r\n			</td>\r\n		</tr>\r\n		<tr>\r\n			<td>\r\n				<table cellpadding="10" cellspacing="0" style="width: 100%;">\r\n					<tbody>\r\n						<tr>\r\n							<td colspan="2">\r\n								<h1 style="color: #2c8a40">\r\n									<span style="color:#008000;">Up2green &eacute;volue !</span></h1>\r\n								<p style="margin-bottom: 0.5cm">\r\n									Up2green a beaucoup chang&eacute;, nous avons fait un gros travail ces derni&egrave;res semaines pour vous proposer de nouvelles fonctionnalit&eacute;s afin que nous plantions ensemble encore plus d&#39;arbres sur la Plan&egrave;te.</p>\r\n								<p style="margin-bottom: 0.5cm;">\r\n									<strong>Au programme :</strong></p>\r\n								<ul>\r\n									<li>\r\n										<strong><span>Plantez</span> <span><span>gratuitement </span></span>des <span>arbres</span> au <span>fil</span> de <span>vos</span> <span>recherches </span>sur Internet !</strong></li>\r\n									<li>\r\n										<strong><span>Parrainez</span> <span>vos</span> <span>amis</span> ! </strong></li>\r\n									<li>\r\n										<strong><span>Offrez</span> des <span>arbres</span> <span>&agrave;</span> planter <span>sur</span> la <span>Plan&egrave;te</span> ! </strong></li>\r\n									<li>\r\n										<strong><span>D&eacute;couvrez</span> les programmes sur <span>notre</span> nouvelle <span>google</span> map ! </strong></li>\r\n								</ul>\r\n								<p style="margin-bottom: 0.5cm">\r\n									<span>Nous</span> <span>am&eacute;liorons</span> <span>notre</span> communication en <span>vous</span> <span>proposant</span> de <span>suivre</span> <span>Up2green</span> Reforestation <span>sur</span> les <span>r&eacute;seaux</span> <span>sociaux</span> et <span>d&#39;&ecirc;tre</span> <span>tenu</span> au courant des <span>nouveaut&eacute;s</span>&nbsp; : d&egrave;s maintenant suivez notre actualit&eacute; sur <a href="http://twitter.com/up2green" target="_blank"><span style="color:#008000;">Twitter</span></a> et <a href="http://www.facebook.com/pages/Up2green/224019854294331" target="_blank"><span style="color:#008000;">Facebook</span></a></p>\r\n							</td>\r\n						</tr>\r\n						<tr>\r\n							<td style="vertical-align: top; border-right: #aaa 1px solid; width: 50%;">\r\n								<p style="margin-bottom: 0.5cm">\r\n									<strong><font color="#008000"><font face="arial, helvetica, sans-serif"><font size="3"><strong><font color="#008000"><font face="arial, helvetica, sans-serif"><font size="3">Parrainez vos amis et gagnez encore plus de cr&eacute;dits arbres !</font></font></font></strong></font></font></font></strong></p>\r\n								<p style="margin-bottom: 0.5cm">\r\n									<font face="arial, helvetica, sans-serif"><font face="arial, helvetica, sans-serif"><font face="arial, helvetica, sans-serif">Un <strong>nouveau <span>syst&egrave;me</span> de <span>parrainage</span></strong> <span>vous</span> <span>permet</span> <span>d&#39;inviter</span> <span>vos</span> <span>proches</span> <span>&agrave;</span> <span>nous</span> <span>rejoindre.</span></font></font></font></p>\r\n								<p style="margin-bottom: 0.5cm;">\r\n									<font face="arial, helvetica, sans-serif"><font face="arial, helvetica, sans-serif"><font face="arial, helvetica, sans-serif">Au fil des recherches de vos filleuls <strong>vous accumulez 10 % de leurs gains en cr&eacute;dits arbres </strong>que vous pouvez ensuite planter via la plate-forme de reforestation !</font></font></font></p>\r\n								<p style="margin-bottom: 0.5cm">\r\n									<font face="arial, helvetica, sans-serif"><font face="arial, helvetica, sans-serif"><font face="arial, helvetica, sans-serif">N&#39;h&eacute;sitez donc pas a faire conna&icirc;tre Up2green &agrave; votre famille et &agrave; vos amis !</font></font></font></p>\r\n							</td>\r\n							<td style="border-left: #ddd 1px solid; vertical-align: top width: 50%;">\r\n								<p>\r\n									<strong><font color="#008000"><font face="arial, helvetica, sans-serif"><font size="3">Faites d&eacute;couvrir up2green en offrant un coupon de plantation &agrave; votre famille et &agrave; vos amis !</font></font></font></strong></p>\r\n								<p>\r\n									<strong>Un cadeau unique</strong> &agrave; l&#39;un de vos proches ?</p>\r\n								<p>\r\n									Pourquoi ne pas lui <strong>offrir des arbres &agrave; planter sur la Plan&egrave;te&nbsp;?</strong></p>\r\n								<p>\r\n									Vous pouvez d&egrave;s maintenant lui offrir un coupon plantation en utilisant votre compte up2green.</p>\r\n								<p>\r\n									<strong>Il choisira lui-m&ecirc;me o&ugrave; les planter sur la plan&egrave;te </strong>parmi les programmes auxquels il d&eacute;sire contribuer !</p>\r\n							</td>\r\n						</tr>\r\n						<tr>\r\n							<td style="vertical-align: top; border-right: #aaa 1px solid">\r\n								<p style="margin-bottom: 0.5cm">\r\n									<strong><font color="#008000"><font face="arial, helvetica, sans-serif"><font size="3">Nouvelle Google Map !</font></font></font></strong></p>\r\n								<p style="margin-bottom: 0.5cm">\r\n									L&#39;&eacute;quipe d&#39;Up2green Reforestation a fait un gros travail sur la google map de la plate-forme de plantation en ligne. Cela vous permet de visualiser plus en d&eacute;tails nos programmes de reforestation communautaires.</p>\r\n								<p style="margin-bottom: 0.5cm">\r\n									Une partie de notre &eacute;quipe est d&#39;ailleurs actuellement entrain de collecter les coordonn&eacute;es GPS sur le terrain afin de visualiser chaque parcelle de plantation !</p>\r\n								<p style="margin-bottom: 0.5cm">\r\n									Vous avez&nbsp;&eacute;galement la possibilit&eacute; de voir la capacit&eacute; de plantation des programmes afin de pouvoir juger par vous m&ecirc;me de l&#39;avancement des plantations et de voir les programmes qui ont le plus besoin de&nbsp;vous.</p>\r\n							</td>\r\n							<td style="border-left: #ddd 1px solid; vertical-align: top">\r\n								<p>\r\n									<strong><font color="#008000"><font face="arial, helvetica, sans-serif"><font size="3"><span>Up2green</span> <span>s&#39;enrichit</span> <span>d&#39;un</span> module de <span>paiement</span> via <span>Paypal</span> !</font></font></font></strong></p>\r\n								<p>\r\n									<span>Maintenant</span> <span>vous</span> <span>pouvez</span> <span>participer</span> encore plus <span>activement</span> <span>&agrave;</span> la reforestation en <span>cr&eacute;ditant</span> <span>votre</span> <span>compte</span> en <span>arbres.</span></p>\r\n								<p>\r\n									<strong><span>D&egrave;s</span> <span>maintenant</span> <span>vous</span> <span>pouvez</span> <span>acheter</span> <span>directement</span> des <span>cr&eacute;dits</span> <span>arbres</span> via <span>Paypal</span></strong> et les planter dans le programme de <span>votre</span> <span>choix</span> ! Les <span>cr&eacute;dits</span> <span>arbres</span> <span>achet&eacute;s</span> via <span>Paypal</span> <span>sont</span> <span>identiques</span> aux <span>cr&eacute;dits</span> <span>arbres</span> <span>accumul&eacute;s</span> <span>gratuitement</span>&nbsp;<span>lors</span> de <span>vos</span> <span>recherches</span> <span>sur le moteur</span> <span>Up2green</span>. <span>Vous</span> <span>pouvez</span> <span>ensuite</span> les planter via la <span>plateforme</span> de reforestation <span>dans</span> le <span>programme</span> de <span>votre</span> <span>choix</span>.</p>\r\n							</td>\r\n						</tr>\r\n						<tr>\r\n							<td colspan="2" style="vertical-align: top">\r\n								<p style="margin-bottom: 0.5cm">\r\n									<strong><font color="#4b0082"><font size="3">Partenaires, pour vous aussi le plein de nouveaut&eacute;s !</font></font></strong></p>\r\n								<p style="margin-bottom: 0.5cm;">\r\n									<strong>Des cartes cadeau reforestation pour vos clients ou collaborateurs, utilisables via une plate-forme de plantation en ligne personnalisable !</strong></p>\r\n								<p style="margin-bottom: 0.5cm;">\r\n									Vous pouvez d&eacute;sormais visualiser directement <strong>l&#39;utilisation en temps r&eacute;el des coupons</strong> que vous avez offerts dans la section &quot;Mes coupons&quot; de votre profil partenaire. Il est &eacute;galement possible d&#39;exporter les donn&eacute;es si vous souhaitez les analyser plus en d&eacute;tails.</p>\r\n								<p style="margin-bottom: 0.5cm">\r\n									Nous travaillons par ailleurs sur une version avanc&eacute;e de l&#39;interface d&#39;administration vous permettant de personnaliser la plate-forme de reforestation que nous mettons &agrave; votre disposition. Vous pourrez ainsi modifier simplement votre logo, votre accroche, l&#39;attestation de plantation et cr&eacute;er votre page personnelle pour accueillir vos visiteurs !</p>\r\n								<p style="margin-bottom: 0.5cm">\r\n									Suivez l&#39;actualit&eacute; de l&#39;Association Up2green Reforestation, ces nouvelles fonctionnalit&eacute;s approchent !</p>\r\n							</td>\r\n						</tr>\r\n					</tbody>\r\n				</table>\r\n			</td>\r\n		</tr>\r\n		<tr>\r\n			<td>\r\n				<table style="width: 100%;">\r\n					<tbody>\r\n						<tr>\r\n							<td style="width: 100%;">\r\n								<ul>\r\n									<li>\r\n										<span style="font-size:12px;"><strong><a href="http://association.up2green.com/article/nos_objectifs"><span style="color: rgb(0, 128, 0);">Qui sommes nous ?</span></a></strong></span></li>\r\n									<li>\r\n										<span style="font-size:12px;"><strong><a href="http://reforestation.up2green.com/"><span style="color: rgb(0, 128, 0);">Plantez un arbre !</span></a></strong></span></li>\r\n									<li>\r\n										<span style="font-size:12px;"><strong><a href="http://up2green.com/checkout/coupon"><span style="color: rgb(0, 128, 0);">Offrez des arbres !</span></a></strong></span></li>\r\n									<li>\r\n										<span style="font-size:12px;"><strong><a href="http://up2green.com/checkout/credit"><span style="color: rgb(0, 128, 0);">Aidez l&#39;association</span></a></strong></span></li>\r\n								</ul>\r\n							</td>\r\n							<td>\r\n								<img src="http://admin-up2green.smartit.fr/images/newsletter/footer-plante.gif" /></td>\r\n							<td>\r\n								<table cellpadding="15" cellspacing="0" height="220" style="background: url(/images/newsletter/footer-right.jpg) no-repeat transparent" width="280">\r\n									<tbody>\r\n										<tr>\r\n											<td style="text-align: right; height: 80px;">\r\n												<a href="http://association.up2green.com/" target="_blank"><span style="color:#008000;"><span style="font-size: 11px;"><strong>Le blog de l&#39;association</strong></span></span></a></td>\r\n										</tr>\r\n										<tr>\r\n											<td style="text-align: right; height: 70px;">\r\n												<a href="http://www.up2green.com/" target="_blank"><span style="color:#008000;"><span style="font-size: 11px;"><strong>Le moteur de recherche</strong></span></span></a></td>\r\n										</tr>\r\n										<tr>\r\n											<td style="text-align: right;">\r\n												<p>\r\n													<a href="http://reforestation.up2green.com/" target="_blank"><span style="color:#008000;"><span style="font-size: 11px;"><strong>plateforme de reforestation</strong></span></span></a></p>\r\n											</td>\r\n										</tr>\r\n									</tbody>\r\n								</table>\r\n							</td>\r\n						</tr>\r\n					</tbody>\r\n				</table>\r\n				<p style="text-align: center;">\r\n					<span style="color:#8e7766;"><span style="font-size: 9px;">Conform&eacute;ment &agrave; la loi Informatique et Libert&eacute; du 6 janvier 1978, vous disposez d&#39;un droit d&#39;acc&egrave;s, de rectification et de suppression des informations vous concernant. Si vous ne souhaites plus recevoir nos informations, merci de modificier les param&egrave;tres de votre compte <a href="http://up2green.com/user/profil">ici</a> ou d&#39;envoyer un e-mail &agrave; <a href="mailto:webmaster@up2green.com?subject=D%C3%A9sinscription"><span>webmaster@up2green.com</span></a></span></span></p>\r\n				<p style="text-align: center;">\r\n					<span style="color:#8e7766;"><span style="font-size: 9px;">Association <span><span><span><span>Up2green</span></span></span></span> Reforestation - 38 rue <span><span><span><span>Desaix</span></span></span></span> 75015 Paris - FRANCE</span></span></p>\r\n			</td>\r\n		</tr>\r\n	</tbody>\r\n</table>\r\n', ''),
(4, 5, 'de28bdd34be5a0439104dd83ca0246f4ec3d4e51.jpg', 'Dalkia', '<p>\r\n	A <span>l&#39;occasion</span> de 2011, <span>ann&eacute;e</span> <span>internationale</span> de la <span>for&ecirc;t</span>, <span>plantez</span> 1 <span>arbre</span> <span>sur</span> la Terre <span>avec</span> la Direction <span>des</span> <span>Comptes</span> <span>Strat&eacute;giques</span> de <span>DALKIA</span> !</p>\r\n', '<p>\r\n	A modifier</p>\r\n', 'http://www.dalkia.fr/', '2010-10-21 20:39:04', '2010-10-21 20:59:23', NULL, NULL),
(5, 7, NULL, 'AJT', '<p>\r\n	L&#39;association des Anciens de Jet Tours vous offre un arbre &agrave; planter sur la Plan&egrave;te &agrave; l&#39;occasion de 2011, ann&eacute;e internationale de la for&ecirc;t !</p>\r\n<div firebugversion="1.5.4" id="_firebugConsole" style="display: none;">\r\n	&nbsp;</div>\r\n<br />\r\n', '<p>\r\n	...</p>\r\n<div firebugversion="1.5.4" id="_firebugConsole" style="display: none;">\r\n	&nbsp;</div>\r\n<br />\r\n', 'http://www.ajt.com', '2010-11-06 12:47:13', '2010-11-06 12:50:09', NULL, NULL),
(6, 9, '0b13ac179b3777671b475617d412d92861f9949d.jpg', 'TECHNIKARTe', '<p>\r\n	<span style="font-size: 14px;">L&#39;association <strong>UP2GREEN REFORESTATION</strong> offre un <span>arbre</span> <span>&agrave;</span> planter <span>sur</span> la <span>Plan&egrave;te </span>aux 100 premiers porteurs <strong>TECHNIKART&#39;e</strong>.</span></p>\r\n<p>\r\n	<span style="font-size: 14px;">2011 sera l&#39;ann&eacute;e internationale de la for&ecirc;t !</span></p>\r\n', '<p>\r\n	...</p>\r\n', 'http://www.aqoba.com', '2010-11-09 18:42:04', '2010-11-11 17:50:10', NULL, NULL),
(7, 10, 'e7fde2bbbec2fafa96b3e8b2e976cd5c7c66e917.jpg', 'URBIPARC', '<p>\r\n	<span style="font-size: 14px;">A l&#39;occasion de la pose de la premi&egrave;re pierre des <strong>Reflets du Vercors</strong>, URBIPARC vous offre <strong>un arbre &agrave; planter sur la Plan&egrave;te !</strong></span><br />\r\n	&nbsp;</p>\r\n', '<p>\r\n	...</p>\r\n', 'http://www.urbiparc.com/', '2010-11-12 18:13:07', '2010-11-12 18:13:07', NULL, NULL),
(8, 12, '34971dbb71d38c0785d17db439db1139f435b71b.jpg', 'Veolia Eau IDF et du SEDIF', '<p>\r\n	<span style="font-size: 14px;"><strong>Veolia Eau d&#39;Ile de France</strong> vous offre <strong>un arbre</strong> &agrave; planter sur la Plan&egrave;te en 2011, ann&eacute;e internationale de la for&ecirc;t.</span></p>\r\n', '<p>\r\n	...</p>\r\n', 'http://www.sedif.com/', '2010-11-16 22:17:51', '2010-11-16 22:29:37', NULL, NULL),
(9, 20, '0e03f5b417e5d903a77996b41ba13716d9919d4e.gif', 'KONE', '<p>\r\n	<span style="font-size: 14px;">Toute les &eacute;quipes de <strong>KONE </strong>vous souhaitent une <strong>excellente ann&eacute;e 2011 </strong>et vous offre <strong>un arbre &agrave; planter sur la Plan&egrave;te </strong>&agrave; l&#39;occasion de cette ann&eacute;e internationale de la for&ecirc;t !</span></p>\r\n', '<br />\r\n', 'http://www.kone.com/countries/fr_FR/Pages/default.aspx', '2010-11-23 14:40:38', '2010-11-23 14:48:11', NULL, NULL),
(10, 22, '15e06a1c8feed09f8a2e33957869cf550975f72d.jpg', 'DLIFESTYLE', '<p>\r\n	<span style="font-size: 16px;">Let&#39;s plant<strong> your tree on the Planet</strong> with <strong>Dlifestyle </strong>! </span><br />\r\n	&nbsp;</p>\r\n', '<br />\r\n', 'http://www.dlifestyle.net', '2010-11-24 19:32:26', '2010-11-24 19:33:39', NULL, NULL),
(11, 6, '37ab6225a961460c7562143a02ed0199643eb747.png', 'STORISTES DE FRANCE', '<p>\r\n	<span style="font-size: 14px;"><strong>Offrez un arbre &agrave; la Plan&egrave;te </strong>avec <strong>Storistes de France</strong> &agrave; l&#39;occasion de l&#39;ann&eacute;e internationale de la for&ecirc;t !</span></p>\r\n', '<br />\r\n', 'http://www.storistes-de-france.com/', '2010-11-24 22:46:10', '2011-06-15 07:36:15', NULL, NULL),
(12, 27, '1b480cb4b19d28c8f8763d3390557b90632f26c5.jpg', 'SIEMENS', '<p>\r\n	<span style="font-size: 14px;">A l&#39;occasion de ses voeux pour la nouvelle ann&eacute;e, <strong>les &eacute;quipes de SIEMENS</strong> ont le plaisir de vous <strong>offrir 1 arbre &agrave; planter sur la Plan&egrave;te</strong>.</span></p>\r\n<p>\r\n	2011 sera l&#39;ann&eacute;e internationale de la for&ecirc;t !</p>\r\n', '<br />\r\n', 'http://www.siemens.com/entry/fr/fr/', '2010-12-05 17:46:59', '2010-12-05 17:46:59', NULL, NULL),
(13, 35, '787c04a74538af3820614d3e4c7e95ec90094dd9.jpg', 'ADLER Technologies', '<p>\r\n	<span style="font-size: 14px;"><strong>Les &eacute;quipes d&#39;ADLER Technologies</strong> sont heureuses de vous offrir <strong>un arbre &agrave; planter sur la Plan&egrave;te</strong> en 2011, ann&eacute;e internationale de la For&ecirc;t !</span></p>\r\n', '<br />\r\n', 'http://www.adler-tech.com/', '2010-12-21 08:11:14', '2010-12-24 07:48:17', NULL, NULL),
(14, 36, '8bad379803cecbc2a5122574ef2eb2d9f4a8b1a5.jpg', 'l''association A.S.P.F.', '<p>\r\n	<span style="font-size: 14px;"><strong>L&#39;association A.S.P.F. </strong>est heureuse de vous<strong> offrir un arbre &agrave; planter sur la Plan&egrave;te</strong> en 2011, ann&eacute;e internationale de la for&ecirc;t !</span></p>\r\n', '<br />\r\n', 'http://www.association-aspf.org/', '2010-12-22 08:08:10', '2010-12-22 08:08:10', NULL, NULL),
(15, 37, '4d8388b3330e6312f91377eef392375fcb5c60e9.jpg', 'FIMEC', '<p>\r\n	<span style="font-size: 14px;"><strong>Les &eacute;quipes de FIMEC</strong> sont heureuses de vous offrir <strong>un arbre &agrave; planter sur la Plan&egrave;te en 2011</strong>, ann&eacute;e internationale de la For&ecirc;t !</span></p>\r\n', '<br />\r\n', 'http://www.fimec-tech.com/', '2010-12-24 07:54:31', '2010-12-24 07:54:31', NULL, NULL),
(16, 39, 'aec1841c42e9d8e90264d6f742beea84f7edb7ac.jpg', 'PRIXIS', '<p>\r\n	<span style="font-size: 14px;"><strong>PRIXIS </strong>est heureux de vous <strong>offrir un arbre &agrave; planter sur la Plan&egrave;te </strong>&agrave; l&#39;occasion de l&#39;ann&eacute;e internationale de la for&ecirc;t en 2011 !</span></p>\r\n', '<br />\r\n', 'http://fr.linkedin.com/in/masson', '2010-12-31 18:18:56', '2010-12-31 18:19:24', NULL, NULL),
(17, 76, '5e668224114b000e367275293205afea3364a13b.jpg', 'ESTHETIC CENTER', '<p>\r\n	ESTHETIC CENTER est heureux de vous offrir un arbre &agrave; planter sur la Plan&egrave;te !</p>\r\n', '<br />\r\n', 'http://www.esthetic-center.com/', '2011-02-22 14:05:45', '2011-02-22 14:18:04', NULL, NULL),
(18, 91, 'da20a75208db255ad5e3c917f1f4c0827c0d7df4.jpg', 'Bus Occitan', '<p>\r\n	Nous sommes heureux de vous offir un arbre &agrave; planter sur la Plan&egrave;te avec le Bus Occitan, &agrave; l&#39;occasion de l&#39;ann&eacute;e internationale de la for&ecirc;t !</p>\r\n', '<br />\r\n', 'http://www.busoccitan.com/', '2011-03-28 19:57:10', '2011-03-28 19:57:10', NULL, NULL),
(19, 96, 'b4c3347d87c33a5cbca976046bf3b6a3b2ada290.jpg', 'GREEN BODGHAYA', '<p>\r\n	Plantez un arbre &agrave; Green Bodghaya, un autre sur la Plan&egrave;te et &eacute;crivez votre souhait qui sera accroch&eacute; &agrave; votre arbre &agrave; Green Bodghaya !</p>\r\n', '<br />\r\n', 'http://www.greenbodhgaya.org/spip.php?lang=fr', '2011-04-09 16:03:26', '2011-04-09 16:03:58', NULL, NULL);

--
-- Contenu de la table `point`
--


--
-- Contenu de la table `polygonne`
--

INSERT INTO `polygonne` (`id`, `unique_name`) VALUES
(1, 'colombie-1'),
(2, 'perou-1');

--
-- Contenu de la table `polygonne_point`
--

INSERT INTO `polygonne_point` (`id`, `latitude`, `longitude`, `altitude`, `polygonne_id`) VALUES
(1, 4.092240, -69.581510, 0.000000, 1),
(2, 4.088220, -69.581650, 0.000000, 1),
(3, 4.894000, -69.575610, 0.000000, 1),
(4, 4.827700, -69.576100, 0.000000, 1),
(5, 4.092240, -69.581510, 0.000000, 1),
(6, -3.431090, 73.192930, 0.000000, 2),
(7, -3.428280, 73.195660, 0.000000, 2),
(8, -3.426720, 73.190730, 0.000000, 2),
(9, -3.429630, 73.189670, 0.000000, 2),
(10, -3.431090, 73.192930, 0.000000, 2);

--
-- Contenu de la table `preinscription`
--

INSERT INTO `preinscription` (`id`, `first_name`, `last_name`, `email_address`, `username`) VALUES
(1, 'EDOUARD', 'GERIGNE', 'ed_gerigne@hotmail.com', 'ed_gerigne'),
(2, 'Isabelle', 'CAMURAT', 'iandre@dalkia.com', 'zaza'),
(3, 'David', 'COLON', 'dc@cac-management.com', 'DC'),
(4, 'quentin', 'wacongne', 'qwomatic@gmail.com', 'DocteurX'),
(5, 'Alexandre', 'Davidovitch', 'davidovitch.a@hotmail.fr', 'russian'),
(6, 'Katherine', 'Gerigne', 'katherine_masso@hotmail.com', 'kathe'),
(7, 'h?l?ne', 'Bodin', 'hdemoly@yahoo.fr', 'hbodin'),
(8, 'Francisco', 'SILVERIO MARQUES', 'fsmarques@free.fr', 'fsmarques'),
(9, 'H?l?ne', 'Bodin', 'hbodindemoly@club-internet.fr', 'hbodindemoly'),
(10, 'jean-gabriel', 'noze', 'jg.noze@free.fr', 'Alad1'),
(11, 'Carine', 'BISSIRIER', 'nina3sjp@hotmail.fr', 'carine36'),
(12, '', '', 'albine_g@hotmail.com', 'mamzellbulle'),
(13, '', '', 'cyril.karuna@gmail.com', 'CK'),
(14, 'Thierry', 'HEUNINCK', 'thierry.heuninck@noos.fr', 'BOUBOULE'),
(15, 'Pierre', 'MARTIN', 'paul.crepin@gmail.com', 'pierre'),
(16, 'Fabrice', 'Camurat', 'fabrice.camurat@nokia.com', 'camurat'),
(17, 'Emmanuel', 'COSTE', 'coste_emmanuel@yahoo.fr', 'Manu'),
(18, 'pierre', 'gaubert', 'pierregaubert@hotmail.fr', 'pierrot'),
(19, 'Aur?lie', 'JEANNEROD', 'aurelie.jeannerod@neuf.fr', 'lily78'),
(20, 'Mathieu', 'Pacault', 'mathieupacault@yahoo.fr', 'matpac'),
(21, 'GREGORY', 'MARTINET', 'gregory_martinet@yahoo.fr', 'GREG'),
(22, 'Jean-Pierre', 'MARQUIS', 'jepi54@yahoo.fr', 'jepi54'),
(23, 'yann', 'jaubert', 'yann.jaubert@numericable.fr', 'lesjaubert'),
(24, 'S?bastien', 'Gendry', 'seb_gendry@hotmail.com', 'gendry'),
(25, 'Antoine', 'Petitdemange', 'antoinepetitdemange@yahoo.fr', 'antoine_apple'),
(26, 'EMMANUEL', 'PETIT', 'petit.emmanuel@free.fr', 'delmanu'),
(27, 'mathilde', 'loury', 'mathilde.loury@gmail.com', 'mathildeloury'),
(28, 'Emmanuel', 'LEFEVRE', 'emmanuel.lefevre@adp.fr', 'echolima'),
(29, 'marie', 'loury', 'marieloury@free.fr', 'marieloury'),
(30, 'Laetitia', 'POFFET', 'laeti2407@hotmail.com', 'Laeti69'),
(31, 'stephane', 'bessadi', 'valestephbessadi@yahoo.fr', 'bessadi'),
(32, 'Julie', 'Ryder', 'jperchenet@yahoo.fr', 'jryder'),
(33, 'Remi', 'Terranova', 'remi.terranova@fmi.ch', 'rterra'),
(34, 'aur?lia', 'valot', 'aurelia_valot@yahoo.fr', 'aurelia'),
(35, 'Isabelle', 'Cheung Ah Seung', 'isacas@caramail.com', 'isacas'),
(36, 'C?line', 'Debouche', 'kineroux@hotmail.com', 'kineroux'),
(37, 'Anne', 'Maillol', 'anne.maillol@gmail.com', 'AnneM'),
(38, 'C?dric', 'lebrec', 'clebrec@yahoo.fr', 'CL'),
(39, 'monica', 'gerigne', 'gerigne.monica@orange.fr', 'monica'),
(40, 'Frederique', 'SIMON-DELAVELLE', 'frederique.simon-delavelle@laposte.net', 'fsd'),
(41, 'Claudio', 'Albornoz', 'calborno@yahoo.com', 'calborno'),
(42, 'annesophie', 'ki''eken', 'annesophiekieken@yahoo.fr', '070183'),
(43, 'VINCENT', 'ACCADEBLED', 'vincent.accadebled@free.fr', 'theo311'),
(44, 'ulrich', 'vautrin-c?sar', 'uvc@club-internet.fr', 'redbullrich'),
(45, 'Corentin', 'Guillou', 'corentin.guillou@laposte.net', 'Missa'),
(46, 'labal', 'ced', 'cedlabal@gmail.com', 'cedlabal'),
(47, 'Hugues', 'G?rign', 'dj_hugo@hotmail.com', 'hgerigne'),
(48, 'Ang?lique', 'Ripoll', 'chouchou3338@hotmail.com', 'aripoll'),
(49, 'Yann', 'PIERROT', 'yannpierrot@wanadoo.fr', 'YPIERROT'),
(50, 'fr?d?ric', 'delport', 'agujets@caramail.com', 'fred'),
(51, 'fr?d?ric', 'delport', 'agujetas@caramail.com', 'fredo'),
(52, 'Fran?ois-Xavier', 'Bourmaud', 'fxbourmaud@lefigaro.fr', 'fxbourmaud'),
(53, 'dalila', 'ferroukh', 'dalilakabyl@hotmail.fr', 'tilelli'),
(54, 'Aur?lie', 'RIEGERT', 'aurelie78vt@yahoo.fr', 'aurelie'),
(55, 'Antoine', 'Bruneel', 'abruneel@gmail.com', 'mouton'),
(56, 'Olivier', 'Saint-Vincent', 'ovincent@isbos.org', 'ovincent'),
(57, 'Florian', 'TAILLANDIER', 'ef75ka99@yahoo.fr', 'THAI'),
(58, '', '', 'familia.gerigne@free.fr', 'familia'),
(59, 'jean-philippe', 'vergne', 'jean-philippe.vergne@mailhec.net', 'fccc'),
(60, 'RAPHAELLE', 'MARQUIS GERIGNE', 'rg-vittoz@aliceadsl.fr', 'ecureuil'),
(61, 'Alix', 'Masson', 'alix_masson@hotmail.com', 'alixmasson'),
(62, 'marc', 'Perret', 'mperret@wanadoo.fr', 'marcperret'),
(63, 'Renaud', 'de Saint Lager', 'renaudjsl@yahoo.com', 'rjsl'),
(64, 'emmanuel', 'bossu', 'emmanuel.bossu@hotmail.fr', 'JOHNGERVAIN'),
(65, 'elsa', 'esposito', 'eesposito@rd.loreal.com', 'TARATATA'),
(66, 'arnaud', 'Abn', 'delanaulte@nmcg.fr', 'arnaud'),
(67, 'stephane', 'chambon', 'stephane.chambon@total.com', 'schambon'),
(68, 'h?l?ne', 'gaubert', 'lngaubert@yahoo.fr', 'lngaubert'),
(69, 'GILLES', 'BOULANGER', 'boubardo@orange.fr', 'boubardo'),
(70, 'Lukas', 'Lafond-Rivard', 'lux.filled@gmail.com', 'donlukas'),
(71, 'sophie', 'Lemoine', 'guipolca@wanadoo.fr', 'sophie60'),
(72, 'Gautier', 'SQUIVEE', 'gautierfr@yahoo.fr', 'gautiefr'),
(73, 'Fran?oise', 'MIRABEL', 'francoisemirabel@hotmail.com', 'balzac'),
(74, 'VALERIE', 'BIGOT', 'fredval.bigot@free.fr', 'fredval'),
(75, 'Frederique', 'CHEVAL', 'fcheval@image7.fr', 'cleophae'),
(76, 'Dominique', 'P?pin-Guay', 'ulys17@hotmail.com', 'dom3d'),
(77, 'Fabrice', 'clin', 'fab_clin@yahoo.fr', 'fclin'),
(78, 'D', 'COLON', 'dcolon@laposte.net', 'davicc'),
(79, 'Mathieu', 'Losson', 'm_losson@yahoo.fr', 'm_losson'),
(80, 'christophe', 'choquey', 'crisil@hotmail.fr', 'pirigacho'),
(81, 'anne', 'mancelle leu', 'amancelle@losange.ch', 'anne'),
(82, 'Doroth', 'QUADOUT', 'theo24@wanadoo.fr', 'Leily'),
(83, 'Marie', 'Decroix', 'marie.decroix@gmail.com', 'marollan'),
(84, 'Thibault', 'DE DROUAS', 'thibault.dedrouas@swannetoscar.com', 'tdedrouas'),
(85, 'Sarah Kim', 'Nadeau', 'sarha_kym_@hotmail.com', 'sarahkim'),
(86, 'ADELE', 'MARTINET', 'adele@neuf.fr', 'ADELE'),
(87, 'Emilien', 'Hindr', 'emilienhindre@hotmail.com', 'mimi'),
(88, 'OLIVIER', 'GUERIN-GARNIER', 'ol-guerin@orange.fr', 'guerin'),
(89, 'jpierre', 'combres', 'jpierre.combres@wanadoo.fr', 'antarctique'),
(90, 'laurent', 'Gautier', 'g.lau.one@noos.fr', 'glauone'),
(91, 'ERIC', 'ASSELOT', 'easselot@dalkia.com', 'easselot'),
(92, 'karyn', 'benquet', 'karyngab@yahoo.fr', 'karyngab'),
(93, 'nora', 'akcha', 'wakcha@hotmail.com', 'littlesunshine'),
(94, 'baptiste', 'guillemot', 'baboon94300@yahoo.fr', 'baptiste'),
(95, 'Saint-vincent', 'Olivier', 'bostonup@hotmail.com', 'osv'),
(96, 'arnaud', 'de batz', 'arnaud.debatz@dexia.com', '123456'),
(97, 'Anne et Vincent', 'LANG', 'annevincentlang@hotmail.fr', 'annevincentlang'),
(98, 'Jean-Fran?ois', 'Cr?telle', 'drapeaublanc78@gmail.com', 'jeff'),
(99, 'anthony', 'RIBOT', 'accueil@upsavoie-mb.fr', 'tony'),
(100, 'evelyne', 'flament', 'eflament@club-internet.fr', 'valdy'),
(101, 'fathn', 'brahmia', 'fathn@hotmail.fr', 'tinky'),
(102, 'b?rang?re', 'amestoy', 'berangere.amestoy@libertysurf.fr', 'bellame'),
(103, 'DELPHINE', 'SEGUY', 'KETACULA@YAHOO.FR', 'KETACULA'),
(104, 'David', 'Cruet', 'chaseur2diino@hotmail.fr', 'chaseur2diino'),
(105, 'MEI SHIUE', 'KUO', 'shereekuo@yahoo.com', 'marmottekuo'),
(106, 'MEI SHIUE', 'KUO', 'meishiuekuo@gmail.com', 'marmotte'),
(107, 'NICOLAS', 'JUDAK', 'njudak@rpone.fr', 'RPONE'),
(108, 'camille', 'brioix', 'brioixc@proximity.bbdo.fr', 'brioix'),
(109, 'arnaud', 'uhalde', 'arnaud@uhalde.com', 'auhalde'),
(110, 'Matthieu', 'RABIAN', 'matthieu.rabian@ac-orleans-tours.fr', 'valdevoise28'),
(111, 'MARIE', 'BOUVIER', 'mariebouvier@club-internet.fr', 'Marisou'),
(112, 'Thomas', 'Jedryka', 'thomasjedryka@gmail.com', 'Jedryka'),
(113, 'denis', 'perchenet', 'dperchenet@hotmail.fr', 'vallerange'),
(114, 'Chlo', 'STANISLAS', 'stanislas.chloe@free.fr', 'Ptitetrolle'),
(115, 'christian', 'merceron', 'merceron.christian@free.fr', 'christian'),
(116, 'JULIEN', 'HOCQUETTE', 'mathejuju@orange.fr', 'JULIEN'),
(117, 'frederique', 'patiniot', 'patiniot@yahoo.fr', 'madlutin'),
(118, 'Magali', 'Despres', 'magalidespres@no-log.org', '777'),
(119, 'Gaelle', 'M?rignac', 'merignac@nmcg.fr', '140202'),
(120, 'Anne', 'SEGALA', 'segala@club-internet.fr', 'jarna'),
(121, 'Marie', 'Grignard', 'mzygo@hotmail.com', 'mzygo'),
(122, 'tiphaine', 'delahaye', 'wonka.chocolat@hotmail.fr', 'wonka'),
(123, 'mathieu', 'delahaye', 'matdelahaye@yahoo.fr', 'mathieu'),
(124, 'Alexandre', 'Doizelet', 'adoizelet@orange.fr', 'doizelet'),
(125, 'zina', 'ibowili', 'ibowili.zina@caramail.com', 'zina'),
(126, 'corinne', 'bertin', 'bertin.corinne@caramail.com', 'cbertin'),
(127, 'LISNYJ', 'STEPHANE', 'slisnyj@yahoo.fr', 'BERLIOZ'),
(128, 'Fanny', 'Epaud', 'flamby@hotmail.fr', 'flamby'),
(129, 'Marc', 'GAFFAJOLI', 'marc.gaffajoli@wanadoo.fr', 'gaffajoli'),
(130, 'CHRISTELE', 'LAVERIE', 'chriskr35@aol.com', 'CHRISKR35'),
(131, 'H?l?na', 'Kra?ber', 'lna.kraeber@laposte.net', 'Nana22'),
(132, 'Julien', '...', 'Thrudheim@hotmail.fr', 'Juju'),
(133, 'Chlo', 'Blum Blanchard', 'cblum@mbbsa.com', 'chloeblum'),
(134, 'Laurence', 'de BATZ', 'debatz.laurence@neuf.fr', 'debatz'),
(135, 'brigitte', 'danlos', 'b.danlos@laposte.net', '2009'),
(136, 'NATALIA', 'MASSA', 'tamatanat@gmail.com', 'tamatanat'),
(137, 'ines', 'monniot', 'mila.batlle@wanadoo.fr', 'inesmonniot'),
(138, 'Lucie', 'Trellu', 'lucie.trellu@free.fr', 'isalisea'),
(139, 'julie', 'renaud', 'roulay@nerim.net', 'roulay78'),
(140, 'Team', 'Bamboo', 'fvaillant@apyrus.fr', 'bambooteam'),
(141, 'Olivier', 'FECHEROLLE', 'lvrf96@gmail.com', 'fec7so'),
(142, 'yann', 'ramus', 'yannram@hotmail.com', 'ramus'),
(143, 'Marie-Sylvie', 'QUINTIN', 'tiratata@hotmail.fr', 'tiratata'),
(144, 'marie-delphine', 'bresler', 'khaentys@hotmail.fr', 'khaentys'),
(145, 'sandra', 'baud', 'plumederadis@free.fr', 'plumederadis'),
(146, 'Isabelle', 'LEROYER', 'isabelle@letcie.com', 'isabellelr'),
(147, 'Ghislain', 'Pardo', 'lyriann.alkinoos@free.fr', 'Lyriann'),
(148, 'Francis', 'EL BAZIS', 'francis_elbazis@yahoo.fr', 'felbs'),
(149, 'julien', 'CHICHE', 'jchiche@yahoo.fr', 'jchiche'),
(150, 'SOPHIE', 'ALLEGRE', 'sophissy@mac.com', 'SOPHISSY'),
(151, 'MARIE', 'DUCROCQ', 'mcducrocq@hotmail.com', 'mcducrocq'),
(152, 'Thibault', 'Van Weyenbergh', 'thibvw@gmail.com', 'thibvw'),
(153, 'r?my', 'cieux', 'info@actissima.com', 'remy'),
(154, 'ELODIE', 'ROUMEGOUX', 'e.roumegoux@cacd.fr', 'ELODIE'),
(155, 'Naba', 'KONE', 'nkaramoko@gda-medias.com', 'ehma'),
(156, 'Marie-Chrisitne', 'MIDAVAINE', 'mc.midavaine@avocatline.com', 'MCM'),
(157, 'federica', 'medda', 'federicamedda@hotmail.com', 'federica'),
(158, 'FABIENNE', 'DESABRES LEPAGE', 'fdesabres@orange.fr', 'GLADYS'),
(159, 'JENNIE', 'FAUVEY', 'jennie.fauvey@hotmail.fr', 'namour'),
(160, 'JEAN-PAUL', 'ARGUDO', 'jean-paul@argudo.org', 'jpargudo'),
(161, 'cyrille', 'GELPEROWIC', 'cyrille.gelperowic@wanadoo.fr', 'cyssougel'),
(162, 'champion', 'St?phanie', 'hub2@emoluxe.com', 'hub2'),
(163, 'Alexandre', 'Gallet', 'agallet@zazzen.fr', 'agallet'),
(164, 'MATHYLDE', 'FORNET', 'mil.fc@orange.fr', 'mfc'),
(165, 'noelle', 'kappler', 'noelle.kappler@free.fr', 'noelle33'),
(166, 'dominique', 'lebrun', 'dominique.lebrun@it-sudparis.eu', '12'),
(167, 'na', 'mefftah', 'naimoscraignos@voila.fr', '32'),
(168, 'Magali', 'frey', 'magalifrey@free.fr', 'magalifrey'),
(169, 'olivi', 'Sellem', 'oliviasellem@gmail.com', 'oliviasellem'),
(170, 'Laurent', 'SAIAG', 'laurent.saiag@gmail.com', 'lsaiag'),
(171, 'anais', 'LELEU', 'anais.becquart.leleu@gmail.com', 'anaisleleu'),
(172, 'Matthieu', 'ASPERTI', 'asperti@orange.fr', 'MATTHIEU'),
(173, 'marion', 'alamichel', 'marion.alamichel@gmail.com', 'malamich'),
(174, 'MATHYLDE', 'FORNET', 'ifornet@orange.fr', 'MATHYLDE'),
(175, 'clara', 'frerot', 'cfrerot502@hotmail.com', 'clara'),
(176, 'clara', 'frerot', 'cfrerot50@hotmail.com', 'clara02'),
(177, 'SABRINA', 'KHENNACHE', 'SABRINAK@NOOS.FR', 'SABRINAK'),
(178, 'Anthony', 'BLOQUET', 'anthony.bloquet@wanadoo.fr', 'oceane'),
(179, 'ludovic', 'esteves', 'ludovicesteves@yahoo.fr', 'ludovicesteves'),
(180, 'S?verine', 'Berger', 'severine@veevcom.com', 'severineveev'),
(181, 'Xavier', 'Berjot', 'xavierbjt@yahoo.fr', 'xavierbjt'),
(182, 'Didier', 'PAGEL', 'dpagel@conseilfi.com', 'ELEIS'),
(183, 'Didier', 'PAGEL', 'dpagel@eleis.eu', '291197'),
(184, 'Jacques', 'DIEMER', 'jdconseil@club-internet.fr', 'jdc'),
(185, 'corinne', 'marceau', 'corinne.marceau@piment.fr', 'marceauc'),
(186, 'Aur?lie', 'COURTE', 'aurelcourte@hotmail.com', 'wawowu'),
(187, 'anne-c?cile', 'sauret', 'ccile742@yahoo.fr', 'ccile742'),
(188, 'Vanessa', 'Barbosa', 'mayu9@hotmail.fr', 'Mayu'),
(189, 'Elo?se', 'Prunet', 'eloisebigard@hotmail.com', 'eloiseprunet'),
(190, 'OUAFA', 'KOURDAA', 'okourdaa@capgemini.fr', 'WAFA'),
(191, 'aur?lie', 'savel', 'asavel@orange.fr', 'asavel'),
(192, 'benoit', 'vallet', 'benoitvallet@hotmail.fr', 'benoit'),
(193, 'Fran?ois', 'Marie-Lanoe', 'fmarielanoe@hotmail.fr', 'fmarielanoe'),
(194, 'Jean-Jacques', 'CLERX', 'jjclerx@yahoo.fr', 'jjclerx'),
(195, 'FREDERIC', 'CEPIER', 'cepiere.frederic@neuf.fr', 'CEPIERE'),
(196, 'Sandra', 'EDOU-MAGNIN', 'sandra.edou-magnin@solunergie.com', 'Solunergie'),
(197, 'Blaise', 'PRAGASSAM', 'bpragassam@yahoo.fr', 'bpragassam'),
(198, 'agn', 'voltz', 'agnes.voltz@wanadoo.fr', 'merignac'),
(199, 'AGNES', 'DE LOS SANTOS', 'adls75@orange.fr', 'adls75'),
(200, 'Jerome', 'Aurillon', 'jerome50@isuisse.com', 'jerome50'),
(201, 'Mathias', 'Duhau', 'mathias.duhau@capgemini.com', 'mduhau'),
(202, 'Guillemette', 'Petit', 'guillemette.petit@gmail.com', 'tit19'),
(203, 'viviane', 'atencie', 'vatencia@wanadoo.fr', 'atencia'),
(204, 'Fran?ois', 'MANCEL', 'fnmancel@yahoo.fr', 'mancel'),
(205, 'Agathe', 'Dubrulle', 'agathe.dubrulle@hotmail.fr', 'adubrull'),
(206, 'Alexandre', 'Forn', 'alexfg@hotmail.fr', 'Alexfg'),
(207, 'melissa', 'sdhlkfh', 'melisse_du_23_10@hotmail.fr', 'mamzellemelisse'),
(208, 'Benoit', 'Tant?t', 'yo_ulkybenito@hotmail.com', 'Benoittantot'),
(209, 'Aymeric', 'Le Clere', 'mricam@tele2.fr', 'mricam'),
(210, 'aur?lie', 'Fort', 'fort.aurelie@laposte.net', 'lilisevilla'),
(211, 'Ga?tan', 'huillet', 'ghuillet@hotmail.fr', 'ghuillet'),
(212, 'Teresa', 'Muela', 'tere_muela_morales@hotmail.com', 'tere'),
(213, 'Manon', 'Fockedey', 'manon.f@hotmail.com', 'Styx'),
(214, 'h?l?ne', 'bailly', 'helenebailly@gmail.com', 'helenebailly'),
(215, 'H?l?ne', 'Bailly', 'helenebailly@free.fr', 'helenebailly2'),
(216, 'Lisiane', 'Droal', 'lisianed@aol.com', 'Lisiane'),
(217, 'st?phanie', 'defleurian', 'stephanie.defleurian@gmail.com', 'defleurian'),
(218, 'LUCILE', 'HENKINET', 'lulu_and_gary@hotmail.fr', 'LUMIA'),
(219, 'STELLA', 'FILIPPI', 'stella.filippi@hotel-au-chene-vert.com', '1947'),
(220, 'SYLVAIN', 'SEBAH', 'ssebah@free.fr', 'ssebah'),
(221, 'Elisa', 'Villebrun', 'elisavillebrun@yahoo.fr', 'elisavillebrun'),
(222, 'S?bastien', 'CLEE', 'sebclee@gmail.com', 'sebclee'),
(223, 'Julien', 'PAUCHET', 'pauchet.julien@notaires.fr', 'Pauchet'),
(224, 'Morgan', 'TSIHLIS', 'webmaster@quick-annonce.com', 'tsihlism'),
(225, 'philippe', 'prunier', 'philippe@camaca.fr', 'philippe74'),
(226, 'Nadine', 'FAUGERE', 'nadicari@hotmail.fr', 'nadicari'),
(227, 'Virginie', 'Henrot', 'aamaryllis@hotmail.com', 'aamaryllis'),
(228, 'Annick', 'HENROT', 'shatkira@hotmail.fr', '02012006'),
(229, 'Karine', 'JUAN', 'karine.juan@rex-rotary.fr', 'RRF'),
(230, 'Gr?goire', 'Toulouse', 'GREGOIRE.TOULOUSE@FFW.COM', 'gtoulouse'),
(231, 'laurent', 'bonnaventure', 'watashilink@cegetel.net', 'watashilink'),
(232, 'cyril', 'vincensini', 'cyrilvincensini@msn.com', 'cyrilou'),
(233, 'Frank', 'Traisnel', 'frank.traisnel@laposte.net', 'frankyrisky'),
(234, 'Yaya', 'KANE', 'yayakane2002@yahoo.fr', 'borassus'),
(235, 'david', 'vergeon', 'david.vergeon@orange.fr', 'chaman76'),
(236, 'lebalch', 'martine', 'bernard-martine@sfr.fr', 'tina'),
(237, 'martine', 'lebalc''h', 'bernard.martine@tele2.fr', 'banou'),
(238, 'Yves', 'Grignard', 'gryve29@orange.fr', 'gryve'),
(239, 'gwenaelle', 'cariou', 'gwenaelle.cariou@cegelec.com', 'gcariou'),
(240, 'VIVIANE', 'VIGNE', 'xane971@yahoo.fr', 'wigne'),
(241, 'alexis', 'moyemont', 'alexis.moyemont@orange.fr', 'rallye'),
(242, 'Ghislaine', 'de RIDDER', 'g.deridder@cacd.fr', 'Ghislaine'),
(243, 'Laure', 'Rivoal', 'laurerivoal@hotmail.fr', 'laure'),
(244, 'Laurent', 'LAFOLIE', 'foliedti2@yahoo.fr', 'foliedti'),
(245, 'sophie', 'ambacher', 'sambacher@hotmail.com', 'sofiessa'),
(246, 'Sophie', 'Baele', 'sophiebaele@hotmail.com', '26021976'),
(247, 'Jacques', 'Brosset', 'jacquesbh@hotmail.com', 'jacquesbh'),
(248, 'aymeric', 'villebrun', 'aymericvillebrun@yahoo.fr', 'aymeric'),
(249, 'emilie', 'hocquard', 'emilie.hocquard@orange.fr', 'emiliehocquard'),
(250, 'cecile', 'amar', 'camar@axialys.com', 'camar'),
(251, 'jonathan', 'ways', 'jonathan.ways@gmail.com', 'jonathan'),
(252, 'Demo', 'Demo', 'demo@up2green.com', 'demo'),
(253, 'catherine', 'torres', 'alienore14@aol.com', 'alienore14'),
(254, 'Bruce', 'Margaria', 'bruce_margaria@cf.canon.fr', 'brucem'),
(255, 'celine', 'lunel', 'rayondesoleil72@hotmail.fr', 'elie7278'),
(256, 'Dorine', 'LAGERSIE', 'dlagersie@pioneer.fr', 'lolidol'),
(257, 'St?phane', 'Lajus-Debat', 'stephane.lajus-debat@laposte.net', 'Stephaneld'),
(258, 'olivier', 'BOBLET', 'olivierboblet@hotmail.com', 'BOB'),
(259, 'warren', 'hermann', 'tony_motard_772187@hotmail.fr', 'aprillia'),
(260, 'franck', 'alves', 'syracuse84@hotmail.com', 'syracuse04'),
(261, 'c?dric', 'rigaud', 'cedricri@hotmail.com', 'cedric1971'),
(262, 'Armelle', 'Delon', 'wixxy@hotmail.fr', 'bourikouroute'),
(263, 'PIERRE', 'CHERRIERE', 'rafalem02@hotmail.com', 'pilote076'),
(264, 'tt', 'tt', 'sipace2001@gmail.com', 'sipace'),
(265, 'St?phane', 'Hallaire', 'shallaire@yahoo.fr', 'shallaire'),
(266, 'Damien', 'Kuhn', 'damien.kuhn@kinome.fr', 'DamienKuhn'),
(267, 'Anne-Laure', '', 'annelaure.colon@free.fr', 'annelaure'),
(268, 'pascale', 'li?val', 'plieval@yahoo.fr', 'lieval'),
(269, 'GERALDINE', 'ESTEVE', 'geraldine.esteve719@orange.fr', 'GE'),
(270, 'sandrine', 'boutin', 'sandrine.boutin@irsn.fr', 'boutinsan'),
(271, 'JOEL', 'MAU', 'joel.mau@orange.fr', 'joel_mau'),
(272, 'William', 'Robert', 'william.robert@hotmail.fr', 'william'),
(273, 'sabrina', 'masseille', 'sabrina.masseille@neuf.fr', 'sab06'),
(274, 'R?my', 'Buxo', 'remybuxo@yahoo.fr', 'remybuxo'),
(275, '', '', 'alexalbarel@hotmail.com', 'chacha'),
(276, 'pascal', 'greboval', 'pascal.greboval@wanadoo.fr', 'PascalG'),
(277, 'sophie', 'batista', 'sofibatista@msn.com', 'sofi'),
(278, 'Marie-Catherine', 'Mendy', 'mc.mendy@neuf.fr', 'marietou'),
(279, 'BERTRAND', 'BARTHELEMY', 'bertrand.barthelemy@cegetel.net', 'ccbarthelemy'),
(280, 'Laurent', 'Atch', 'losummer@hotmail.fr', 'losummer'),
(281, 'ibrahima sory', 'sylla', 'sylla@fondationecokyoto-gn.org', 'yann26'),
(282, 'Christian', 'JANKOWIAK', 'ch.jankowiak@wanadoo.fr', 'jankowiak'),
(283, 'francis', 'grass', 'francis.grass@veolia-transport.fr', 'fgrass'),
(284, 'CHARLES', 'NOLLEAU', 'charles.nolleau@connectfactory.com', 'CHARLESN'),
(285, 'ELMI GALIB', 'HOUSSEIN', 'CONSULTANT_NORDSUD@HOTMAIL.COM', 'ELMI'),
(286, 'Jean-Yves', 'LE GAFFRIC', 'jeanyveslegaffric@mac.com', 'Etienne2'),
(287, 'Claire', 'Coulombel', 'coulombel_claire@yahoo.fr', 'clairinette'),
(288, '', '', 'nonoko1981@hotmail.com', 'nonoko'),
(289, '', '', 'watine2@yahoo.fr', 'tania123'),
(290, '', '', 'jessyblue@hotmail.fr', 'jessyblue'),
(291, '', '', 'blucker@hotmail.com', 'blucker'),
(292, '', '', 'sophiedarrigues@yahoo.com', 'angers12'),
(293, '', '', 'Melkardoudi@yahoo.fr', 'Mohamed93'),
(294, '', '', 'pepitoland@hotmail.com', 'pepitoland'),
(295, '', '', 'yann.pellan@gmail.com', 'yannoux'),
(296, '', '', 'matta161@hotmail.com', 'astro161'),
(297, '', '', 'laetitia.ferreol@ricochets.fr', 'laeti05'),
(298, '', '', 'hadriangloom@yahoo.fr', 'hadriangloom'),
(299, '', '', 'caro_tvt@free.fr', 'fleur94'),
(300, '', '', 'didier.duplessy@orange.fr', 'didier'),
(301, '', '', 'regislaine@free.fr', 'regislaine'),
(302, '', '', 'francoisarantes@hotmail.com', 'azad'),
(303, '', '', 'roxane.gourrier@gmail.com', 'rovince'),
(304, '', '', 'vamp.ambrosia@hotmail.fr', 'ambrosia'),
(305, '', '', 'rl.leclerc@free.fr', 'iaorana'),
(306, 'S?bastien', 'MAURET', 'laetietseb94@yahoo.fr', 'laetietseb94'),
(307, 'Michel', 'BLANC', 'blancm@hotmail.fr', 'blancm'),
(308, '', '', 'benjamin.trolet@laposte.net', 'gattaca'),
(309, '', '', 'dumocaro@free.fr', 'ocelot'),
(310, '', '', 'carole.aquaba@orange.fr', 'cacou002'),
(311, '', '', 'gerard.thomas12@orange.fr', 'alexdu93'),
(312, '', '', 'mick_le_dane09@hotmail.fr', 'micka'),
(313, '', '', 'm.centi@aliceadsl.fr', 'nael78'),
(314, '', '', 'miloud75@hotmail.com', 'MILOUD'),
(315, '', '', 'marinaurelie@yahoo.fr', 'marinaurelie'),
(316, '', '', 'ericb62@free.fr', 'ericb62'),
(317, '', '', 'guadalupesdasilva@gmail.com', 'oxigenio'),
(318, '', '', 'tdevise@aliceadsl.fr', 'fufu'),
(319, '', '', 'p.hermant@free.fr', 'pascale'),
(320, '', '', 'o.paul@wanadoo.fr', 'olivier'),
(321, 'lily', 'maya', 'lilymaya@free.fr', 'lilymaya'),
(322, '', '', 'nicolas.cornet@hotmail.fr', 'rouleuyse'),
(323, '', '', 'titeledemer@hotmail.fr', 'lulu'),
(324, '', '', 'apasch@free.fr', 'apasch'),
(325, '', '', 'carolinechaput@hotmail.fr', 'carolinechaput'),
(326, '', '', 'mtpj@hotmail.fr', 'mtpj'),
(327, '', '', 'julien6525@hotmail.com', 'vostax'),
(328, '', '', 'emmanuelle.ribes@wanadoo.fr', 'crapaudbaveux'),
(329, '', '', 'sacha14f92@hotmail.com', 'sachamel'),
(330, '', '', 'patbol@free.fr', 'patbol'),
(331, '', '', 'bibichach@hotmail.com', 'machachaussette'),
(332, '', '', 'rsuau@free.fr', 'eden33'),
(333, 'Claire', '', 'clairegaras77@hotmail.com', 'coucou'),
(334, '', '', 'armelle.lionet@free.fr', 'armellelionet'),
(335, '', '', 'guadalupedasilva@gmail.com', 'OXIGENIO75'),
(336, '', '', 'virgin91@dbmail.com', 'virgin91'),
(337, '', '', 'smauk@hotmail.fr', 'smauk'),
(338, 'Catherine', 'Tortora', 'catherinetortora@msn.com', 'catherine'),
(339, 'ISABELLE', '', 'idmarques@gmail.com', 'idmarques'),
(340, '', '', 'baudet.geraldine@noos.fr', 'dareligne'),
(341, '', '', 'nathanaelleaucher@hotmail.com', 'nathanaelleaucher'),
(342, '', '', 'hugrel@orange.fr', 'HUGREL'),
(343, '', '', 'prettyangie91@hotmail.com', 'apredet'),
(344, '', '', 'celine_delaruelle@yahoo.fr', 'lafeebleue'),
(345, '', '', 'rene@rompap.com', 'RomPap'),
(346, '', '', 'sdefaye@hotmail.fr', 'AMANDINE'),
(347, 'st?phane', 'Blanqui', 'stephanesophie@wanadoo.fr', 'phanou66'),
(348, '', '', 'manuyv@hotmail.com', 'dulliger'),
(349, '', '', 'jjm.kern@aliceadsl.fr', 'MKern'),
(350, '', '', 'arnauddulud@hotmail.com', 'arnaud95550'),
(351, '', '', 'samguillemot@free.fr', 'nostromo'),
(352, '', '', 'eduvere@free.fr', 'garance'),
(353, 'danielle', 'bouladoux', 'danielle.j5@neuf.fr', 'dmjagger'),
(354, '', '', 'matharreau@noos.fr', 'marie'),
(355, '', '', 'duprefamily3@orange.fr', 'myla'),
(356, '', '', 'marie-laure.mariot@sfr.fr', 'tabard'),
(357, '', '', 'isabelle.audap@gmail.com', 'henriette'),
(358, '', '', 'gisele26@hotmail.fr', 'gigi26'),
(359, '', '', 'rtourreau@free.fr', 'roltou'),
(360, '', '', 'mary.ml@numericable.fr', 'mary'),
(361, '', '', 'm_cauvin@yahoo.fr', 'myrtille'),
(362, '', '', 'marti.combacal@free.fr', 'nature2'),
(363, '', '', 'lcas2@free.fr', 'cathy'),
(364, '', '', 'fhabye@free.fr', 'flo1610SKS'),
(365, 'Kevin', 'BURT', 'k_burtone@hotmail.com', 'k_burt'),
(366, '', '', 'pereire.capital@free.fr', 'giroud'),
(367, '', '', 'g.schitt@hotmail.fr', 'Lucymar'),
(368, '', '', 'marionnette07@laposte.net', 'marionnette07'),
(369, '', '', 'flamchr@yahoo.fr', 'flamchr'),
(370, 'viviane', 'le roulley-oliver', 'vivianeoliver@yahoo.fr', 'vivianeoliver'),
(371, '', '', 'carolaiine35@gmail.com', 'carolaiine'),
(372, '', '', 'david.riddell@orange.fr', 'darebriddell'),
(373, '', '', 'newjouvance@aol.com', 'paris'),
(374, '', '', 'v.ahmet1@voila.fr', 'afv2012'),
(375, '', '', 'eric.simon.p@gmail.com', 'ericsi'),
(376, '', '', 'antonin.musset@free.fr', 'gogololo'),
(377, '', '', 'mag91940@hotmail.com', 'sheigh'),
(378, '', '', 'annemarie.comoretto@wanadoo.fr', 'berenice'),
(379, '', '', 'contact@lescousinsmenuisiers.com', 'lescousins'),
(380, '', '', 'helje@free.fr', 'helje'),
(381, '', '', 'helenemunsch@yahoo.fr', 'iness2911'),
(382, '', '', 'cholet.doris@hotmail.fr', 'mazina'),
(383, '', '', 'elsa.trillat@club.fr', 'elsatrillat'),
(384, '', '', 'yvongarel@aol.com', 'mogoto'),
(385, '', '', 'claudine.lebrequier@free.fr', 'cloclo176'),
(386, '', '', 'kiko_2001_@hotmail.com', 'malek'),
(387, '', '', 'famillefabiano@hotmail.fr', 'fanchr'),
(388, '', '', 'j.pedezert@hotmail.fr', 'scorsez'),
(389, '', '', 'cedriclayrac@hotmail.fr', 'cdrik'),
(390, 'Joseph', 'Ouaknine', 'jouaknine@orange.fr', 'ouaknine'),
(391, '', '', 'so.nt@laposte.net', 'CMR53'),
(392, '', '', 'napillet@orange.fr', 'nanou'),
(393, '', '', 'maorie.seysset@wanadoo.fr', 'maorie53'),
(394, '', '', 'yolande.audon@free.fr', 'yolande95'),
(395, '', '', 'ddupont88@free.fr', 'ddupont88'),
(396, '', '', 'betty-patrick@hotmail.fr', 'jeremie'),
(397, '', '', 'GREMUSE.SONATE@wanadoo.fr', 'h3NuYhb'),
(398, 'Dominique', 'Delachaume', 'ddeye@free.fr', 'ddeye'),
(399, '', '', 'mafrabo@laposte.net', 'mafrabo'),
(400, '', '', 'forestjump31@yahoo.fr', 'forestjump'),
(401, '', '', 'clem_said@yahoo.fr', 'cleta95'),
(402, '', '', 'peacefunk@wanadoo.fr', 'funkygreen'),
(403, '', '', 'coquelicot@mageos.com', 'coquelicot'),
(404, '', '', 'chatelain.gloria@free.fr', 'chatelain'),
(405, 'Marc', 'TIHY', 'marctihy@wanadoo.fr', 'marctihy'),
(406, '', '', 'missperry_net@hotmail.com', 'Perrouche'),
(407, 'Gwenael', 'MICHEL', 'michel.gwenael@free.fr', 'Gwen82'),
(408, '', '', 'patouch2@wanadoo.fr', 'edika'),
(409, '', '', 'cyrille.gan@aliceadsl.fr', 'RuRux'),
(410, '', '', 'normand-phil@voila.fr', 'normandphil'),
(411, '', '', 'maryvonnegeffroy@aol.com', 'maryvonne'),
(412, '', '', 'madalouges@free.fr', '0160776110'),
(413, '', '', 'ecombaudon@yahoo.fr', 'shamanqueen'),
(414, '', '', 'tonio_perso@yahoo.fr', 'huggy'),
(415, 'Francine', 'NAUDIN', 'francinenaudin@msn.com', 'Francine78'),
(416, '', '', 'jolocojo@yahoo.fr', 'locojo'),
(417, '', '', 'jnourrin@orange.fr', 'nourrin'),
(418, '', '', 'frederic.raphael@neuf.fr', 'cirederf'),
(419, 'Isabelle', 'VERIOT', 'iveriot@noos.fr', 'isa9249'),
(420, '', '', 'david_beauvais@hotmail.com', 'superfelix'),
(421, '', '', 'kubarek.alain@neuf.fr', 'nialak'),
(422, '', '', 'thequeenofburger@hotmail.com', 'Jesuscries'),
(423, '', '', 'vincentfamily74@free.fr', 'capucine'),
(424, '', '', 'rupaudg@free.fr', 'RGuy'),
(425, '', '', 'narfin@hotmail.com', 'maevanarfin'),
(426, 'Eric', 'MONICAT', 'emonicat@gmail.com', 'emonicat'),
(427, '', '', 'elyane.briard@gmail.com', 'mai1936'),
(428, '', '', 'camargov@yahoo.fr', 'victoria'),
(429, '', '', 'yousriboussaadoun@yahoo.fr', 'coucoumi'),
(430, 'Christian', 'Marquay', 'Christianmarquay@hotmail.com', 'Arkeo'),
(431, 'virginie', 'Erbisti', 'virginie.erbisti@yahoo.fr', 'virodyne'),
(432, '', '', 'catherine.plechot@wanadoo.fr', 'menage02verte'),
(433, '', '', 'bdaniel1@neuf.fr', '123456789'),
(434, '', '', 'dominiquelucas@wanadoo.fr', 'manoula'),
(435, '', '', 'alcfamily@orange.fr', 'alcfamily'),
(436, '', '', 'oceane_co@yahoo.fr', 'shanou'),
(437, 'Marie Britte', 'CAMPION', 'alscampion@noos.fr', 'campion'),
(438, 'Herv', 'DESPAUX', 'hdespaux@free.fr', 'inzeskail'),
(439, '', '', 'joel.lorgueilleux@numericable.com', 'lorgueilleux'),
(440, '', '', 'beatrice.sturm@laposte.net', 'sturmb'),
(441, 'Carole', 'SALAUN', 'SalaunCarole@aol.com', 'Caro'),
(442, '', '', 'orquie@hotmail.com', 'orquie'),
(443, '', '', 'nounours93700@live.fr', 'nounours'),
(444, '', '', 'chriswig@free.fr', 'solene02'),
(445, '', '', 'myriam.bruno88@orange.fr', 'camira88'),
(446, '', '', 'nmarliac@orange.fr', 'JULIE'),
(447, 'cedric', 'roger', 'croger_2063@hotmail.com', 'darkshy'),
(448, '', '', 'alexsilar@yahoo.fr', 'alex__s'),
(449, '', '', 'joel.vermont@yahoo.fr', 'nantes'),
(450, '', '', 'al1saillant@laposte.net', 'al1s'),
(451, '', '', 'fbourdain@wanadoo.fr', 'bourdain'),
(452, '', '', 'al75@orange.fr', 'alain72'),
(453, 'nathalie', 'bervas', 'nbe.pub@free.fr', 'thasha'),
(454, '', '', 'javarome@gmail.com', 'Javarome'),
(455, '', '', 'carole.seroussi78@wanadoo.fr', 'ginger78'),
(456, '', '', 'walyadam@free.fr', 'fatima'),
(457, '', '', 'romaincapelle@hotmail.com', 'romain'),
(458, '', '', 'cessoun@hotmail.fr', 'cessoun'),
(459, '', '', 'fishermanstreet@libertysurf.fr', 'nicoco'),
(460, 'Smain', 'KAHLOUCH', 'smainklh@free.fr', 'Grifith'),
(461, '', '', 'camillebarral@free.fr', 'otto2506'),
(462, '', '', 'audegsell@hotmail.com', 'leoblue'),
(463, '', '', 'pablo.leme@wanadoo.fr', 'nastavnik'),
(464, '', '', 'frangallery@gmail.com', 'FrAn'),
(465, '', '', 'nmaarek@wanadoo.fr', 'maarek'),
(466, '', '', 'estellelecam@free.fr', 'PerleDeLune'),
(467, '', '', 'adina.alecse@gmail.com', 'adineatza'),
(468, '', '', 'babysean@wanado.fr', 'babysean'),
(469, '', '', 'vanou_toinou@yahoo.fr', 'vanou_toinou'),
(470, 'ion', 'ion', 'ion91@live.fr', 'papillon'),
(471, '', '', 'masteaupa@yahoo.fr', 'masteau'),
(472, '', '', 'isabelle.chaussade@gmail.com', 'duralex'),
(473, 'st?phanie', 'viards', 'stephanie.viards@gmail.com', 'stevia'),
(474, 'pascaline', 'staub', 'staubpascaline@yahoo.fr', 'bettyboop'),
(475, '', '', 'maryse.trameson@wanadoo.fr', 'matra53'),
(476, '', '', 'thierry.sigot@orange.fr', 'tisama'),
(477, '', '', 'mentorcrevette@free.fr', 'crevettegreen'),
(478, '', '', 'marie.nouvelle@free.fr', 'compteTmp1'),
(479, '', '', 'bonnetcl@orange.fr', 'cbo121'),
(480, '', '', 'regor92@voila.fr', 'romeo'),
(481, '', '', 'cecilelt@yahoo.fr', 'souchka'),
(482, 'fran?oise & jean pierre', 'ROUSSEAU', 'jpf.rousseau@cegetel.net', 'fan2'),
(483, '', '', 'jodelorme@noos.fr', 'jojette'),
(484, '', '', 'stepha741@yahoo.fr', 'stepha741'),
(485, '', '', 'ceustermansar@hotmail.fr', 'noar1984'),
(486, '', '', 'inthenet@free.fr', 'inthenet'),
(487, '', '', 'dorota_bobek@yahoo.fr', 'DODOTKA'),
(488, '', '', 'chrystel.jeanmarie@orange.fr', 'jamdon'),
(489, '', '', 'karelle.ayoul@free.fr', 'hippoladie'),
(490, '', '', 'oiseauaressort@gmail.com', 'nairanjana'),
(491, '', '', 'jakpet@hotmail.fr', 'fieschi'),
(492, '', '', 'petitjean10@hotmail.com', 'espesura'),
(493, 'Leslie', 'BOUDJEMAA', 'leslieboudjemaa@hotmail.com', 'leslie'),
(494, '', '', 'micaline@canl.nc', 'almiza'),
(495, '', '', 'tropicbibi@hotmail.com', 'tropicbibi'),
(496, '', '', 'zekikitos@hotmail.com', 'zekikitos'),
(497, 'Patrice', 'LAURENCE', 'laurencepat@orange.fr', 'moussache'),
(498, '', '', 'gerard.q@free.fr', 'gerardetchantal'),
(499, 'Manue et Fred', '', 'manue-fred@hotmail.fr', 'manuefred'),
(500, '', '', 'sevserge@gmail.com', 'serge'),
(501, '', '', 'lncedric@gmail.com', 'polynesiefrancaise'),
(502, '', '', 'florence.bouche@yahoo.fr', 'newyork'),
(503, '', '', 'frauke.ude@agroparistech.fr', 'mausi'),
(504, '', '', 'gougginsperg.ziska@neuf.fr', 'sibelia'),
(505, '', '', 'eric.worgaque@wanadoo.fr', 'jougaque'),
(506, '', '', 'desnee.sophie@free.fr', 'sophie'),
(507, '', '', 'jp.hericourt@exprimm.fr', 'HERICOURT62'),
(508, 'R?my', 'THIBAULT', 'thibault11@wanadoo.fr', 'myreth'),
(509, '', '', 'tatyvivie@voila.fr', 'tatyvivie'),
(510, '', '', 'pascaline.picard@free.fr', 'pascalinep'),
(511, '', '', 'isabelle.micale@gmail.com', 'Ladyhammer'),
(512, '', '', 'anita.schettino@gmail.com', '30101959'),
(513, '', '', 'e_paczkowski@yahoo.fr', 'e_paczkowski'),
(514, '', '', 'Denise.hughes@neuf.fr', 'Denisehughes'),
(515, '', '', 'v-cervo@wanadoo.fr', 'lecllove'),
(516, '', '', 'boulkenafed_malika@yahoo.com', 'boulkena'),
(517, '', '', 'patricia.scheer@nurun.com', 'vonvon'),
(518, '', '', 'MERIDIEN78@HOTMAIL.FR', 'VERT78'),
(519, 'Stephane', 'Fonce', 'stephane.fonce@orange.fr', 'fane2f'),
(520, '', '', 'csabastia@free.fr', 'csabastia'),
(521, '', '', 'l.verle@orange.fr', '12jan51'),
(522, '', '', 'a_senard@yahoo.fr', 'AnneSo38'),
(523, '', '', 'chritan@orange.fr', 'coralie'),
(524, '', '', 'martignon.dom@free.fr', '12345'),
(525, '', '', 'alff29@hotmail.com', 'alff29'),
(526, '', '', 'rayon@lagoon.nc', 'up2green'),
(527, 'VIVIANE', 'TREPOUT-CARLIER', 'viviane.carlier2@free.fr', 'DORDOGNE'),
(528, '', '', 'f_diallo31@yahoo.fr', 'fatimata31'),
(529, '', '', 'kewtey@free.fr', 'kewtey'),
(530, 'Josette', 'GUERIN-BOUSSET', 'jgb2@aliceadsl.fr', 'binowan'),
(531, '', '', 'williamriman@laposte.net', 'artemisfowl'),
(532, '', '', 'christine.vetro@bnpparibas.com', 'Chris69'),
(533, 'val?rie', 'BOULLE', 'v.boulle@voila.fr', 'selenouille'),
(534, '', '', 'babrougeron@wanadoo.fr', 'Babichon95'),
(535, '', '', 'th-an.cat@cegetel.net', 'roudoudou'),
(536, 'C?drik', 'Sibold', 'virgin.cedrik@free.fr', 'ecocdk'),
(537, '', '', 'movpascal@free.fr', 'movpascal'),
(538, 'Olivier', 'Pr?tre', 'olivier.pretre@gmail.com', 'oualter'),
(539, '', '', 'marc.simon@gallimard-jeunesse.fr', 'marcsimon'),
(540, '', '', 'ngo_sophie@msn.com', 'sopgreen'),
(541, '', '', 'irronkiller78@hotmail.com', 'matt78'),
(542, '', '', 'VERONIQUECHARTON@AOL.COM', 'CERIANTHE'),
(543, '', '', 'sweetcry@hotmail.fr', 'tocky'),
(544, '', '', 'miss_laam@yahoo.fr', 'miss_laam'),
(545, '', '', 'e.piau@montblanc.fr', 'sachimilie'),
(546, '', '', 'julbo94@gmail.com', 'Pizzaboy'),
(547, '', '', 'sylvie.artis@hotmail.fr', 'sylvie'),
(548, '', '', 'zoricadacosta@hotmail.fr', 'aurorine'),
(549, 'Val', '', 'valmarquaille@yahoo.fr', 'valmarquaille'),
(550, '', '', 'jul_ardry@hotmail.com', 'julie17'),
(551, '', '', 'noblecacao@gmail.com', '6071caro'),
(552, '', '', 'poirieranthony@free.fr', 'poirieranthony'),
(553, '', '', 'gc.online@sfr.fr', 'Alderande'),
(554, '', '', 'ribertstephanie@yahoo.fr', 'ribert'),
(555, '', '', 'marvaluna@voila.fr', 'marvaluna'),
(556, '', '', 'sclo35@gmail.com', 'sclo35'),
(557, '', '', 'catherinejolly5431@neuf.fr', 'manou'),
(558, '', '', 'cschaffart@yahoo.fr', 'schaffart'),
(559, '', '', 'trouvevincent@wanadoo.fr', 'vincent'),
(560, 'johanna', 'Jeanne', 'johannajeanne@hotmail.fr', 'fonchette'),
(561, '', '', 'john-locke@orange.fr', 'transco'),
(562, '', '', 'lamyisabelle@neuf.fr', 'isab'),
(563, '', '', 'lioviale@yahoo.fr', 'SuperBrigade'),
(564, '', '', 'nonalapublicite@free.fr', 'rabatol'),
(565, '', '', 'jeanpierre.brehin@wanadoo.fr', '70JPBrehin'),
(566, '', '', 'natoy974@yahoo.fr', 'arbora'),
(567, 'pascale', 'carrez', 'pascale.carrez91@gmail.com', 'carrez91'),
(568, '', '', 'nbt_infitel@yahoo.fr', 'Nourredine'),
(569, '', '', 'aline.neret@orange.fr', 'Tomaline'),
(570, '', '', 'vacances9@hotmail.com', 'vacances9'),
(571, '', '', 'yvesjacq@gmail.com', 'yvesjacq'),
(572, '', '', 'studentparis12@hotmail.fr', 'student'),
(573, 'val?rie', 'seibel', 'valerie.seibel@ac-poitiers.fr', 'vagala'),
(574, '', '', 'stephbab2000@yahoo.fr', 'jolyfamily'),
(575, '', '', 'jl_oger@hotmail.com', 'jeanluc'),
(576, '', '', 'herve.noiret@free.fr', 'Hachen'),
(577, '', '', 'catherine.beodjenian@aliceadsl.fr', 'credon'),
(578, '', '', 'zeppe2@orange.fr', 'zeppe'),
(579, '', '', 'zoubourkika@hotmail.com', 'spector'),
(580, '', '', 'stephanie.arnaudeau@wanadoo.fr', 'STEPHYE'),
(581, '', '', 'natasdebois@hotmail.com', 'thalie'),
(582, 'Agn', 'MACGILLIVRAY', 'adufour_7@hotmail.com', 'petoncle08'),
(583, '', '', 'yvan.maes22@orange.fr', 'yvanoe22'),
(584, '', '', 'kiki.ange@orange.fr', 'kiki241'),
(585, '', '', 'samallier@free.fr', 'samallier'),
(586, '', '', 'catherine.gantier@cegetel.net', '16catmusic'),
(587, '', '', 'carole.kerduff@orange.fr', 'carolekerduff'),
(588, '', '', 'jmlebouleux@noos.fr', 'bigoudi'),
(589, '', '', 'tanguy.jacques@orange.fr', 'gwenad'),
(590, '', '', 'a-laura@wanadoo.fr', 'Laura75'),
(591, '', '', 'lucien.tinader@free.fr', 'lucien'),
(592, '', '', 'bastier.rene730@orange.fr', 'peche'),
(593, '', '', 'emmanuel.gegoux@wanadoo.fr', 'zego6300'),
(594, '', '', 'nenete_68@hotmail.fr', 'zezeyye68'),
(595, 'Christine', 'Dosquet', 'christine.dosquet@sls.aphp.fr', 'patrice'),
(596, '', '', 'freddan@noos.fr', 'freddan'),
(597, '', '', 'monique.letourneu0298@orange.fr', 'momonelet'),
(598, '', '', 'c.dosquet@laposte.net', 'christine'),
(599, '', '', 'ehocquard@gmail.com', 'ehocquard'),
(600, '', '', 'jgrimault@gmail.com', 'jgrimault'),
(601, '', '', 'efe.estelle@hotmail.fr', 'dinar55700'),
(602, '', '', 'bee.annick@orange.fr', 'diams100'),
(603, '', '', 'maureen.merceron@sfr.fr', 'ecolodu44'),
(604, '', '', 'alain.beuvard@orange.fr', 'aloun'),
(605, 'Katia', 'THIBAUT', 'kayakatia@hotmail.fr', 'kayajames'),
(606, 'Etienne', 'Descamps', 'etienne.descamps30@orange.fr', 'futurenature30'),
(607, '', '', 'yngwie22650@yahoo.fr', 'titi22'),
(608, '', '', 'corinne.picault@wanadoo.fr', 'titicoco'),
(609, '', '', 'contact@houffa-bike.com', 'louis'),
(610, '', '', 'stellins@gmail.com', 'stellins'),
(611, '', '', 'regina50@hotmail.fr', 'regina50'),
(612, '', '', 'l.bougeard-amiservices@voila.fr', 'lsy'),
(613, '', '', 'c-h-f@skynet.be', 'philippemartine3271'),
(614, '', '', 'manheulle@gmail.com', 'vestcor'),
(615, '', '', 'nathpell@orange.fr', 'nathpell'),
(616, '', '', 'famillemartinez@yahoo.fr', 'juma04'),
(617, 'catherine', 'mattei', 'catherine.mattei@laposte.net', 'Alliance'),
(618, 'Floriane', 'KUROWIAK', 'fkurowiak@gmail.com', 'kurowiak'),
(619, '', '', 'usmc-steve@hotmail.fr', 'tequila'),
(620, '', '', 'colette.graveriau@wanadoo.fr', 'marguerite'),
(621, 'elsa', '', 'gayaelsa@aol.com', 'angel'),
(622, 'C?line', 'CHARPENEL', 'celine.charp@orange.fr', 'celinemorel'),
(623, '', '', 'kristel_lalandre@msn.com', 'kristel09'),
(624, '', '', 'michele.georgelin@free.fr', 'micgeorge'),
(625, '', '', 'alexiadimey@hotmail.com', 'cherrylady'),
(626, '', '', 'snowtopet@yahoo.fr', 'doblewaf'),
(627, '', '', 'patricia.bock@laposte.net', '183868pb'),
(628, 'C?dric', 'Thibaut', 'cedric.thibaut@aliceadsl.fr', 'thcedric'),
(629, 'ANNICK', 'GARNIER', 'anickg@aliceadsl.fr', 'anickg'),
(630, '', '', 'jugurtha1107@hotmail.fr', 'jugurtha'),
(631, '', '', 'orell@cegetel.net', 'orell'),
(632, '', '', 'silviaclaude@dbmail.com', 'arbre06'),
(633, '', '', 'mathilde_poilly@hotmail.fr', 'mathildevictor'),
(634, '', '', 'ipupa77@yahoo.fr', 'up77green'),
(635, '', '', 'frederic92160@yahoo.fr', 'fred92s'),
(636, 'Antoine', 'demiere', 'in-a-happy-world@live.fr', 'antoinedemiere'),
(637, '', '', 'lcommon@voila.fr', 'chateau'),
(638, '', '', 'roland_faure@yahoo.com', 'rolf'),
(639, '', '', 'brualc@free.fr', 'kadosh'),
(640, '', '', 'khoons@dbmail.com', 'keo007'),
(641, '', '', 'zazademoscou@free.fr', 'harryde'),
(642, '', '', 'chris.schu25@gmail.com', 'christianeS'),
(643, 'lydie', 'ruijtenbeek', 'lydie.ruijtenbeek@orange.fr', 'lydiem'),
(644, '', '', 'baudinsandrine@free.fr', 'stabat'),
(645, '', '', 'francoise1.menier@orange.fr', 'FMENIER'),
(646, '', '', 'elise_derrico@yahoo.fr', 'elisederrrico'),
(647, 'Jacqueline', 'HENRY', 'serge.henry1@libertysurf.fr', '011093'),
(648, 'GUILLAUME', 'VENEMBRE', 'GUIGUY69@gmail.com', 'guiguy69'),
(649, '', '', 'jean-marc-auclair@orange.fr', 'jeanmarcauclair'),
(650, '', '', 'st.boigeol@gmail.com', 'stepharcher'),
(651, '', '', 'ebrouillard@tele2.fr', 'matcoul'),
(652, '', '', 'alegray@free.fr', 'Louloutes'),
(653, '', '', 'michel.alran@free.fr', 'michel'),
(654, '', '', 'olivierboissin@yahoo.fr', 'oliveso'),
(655, '', '', 'jumel77@hotmail.com', 'jumel77'),
(656, '', '', 'sandrineplisson@hotmail.fr', 'bouquet'),
(657, '', '', 'jpb56@live.fr', 'jeanpierre'),
(658, '', '', 'guylene.chevalier@gmail.com', 'guylene'),
(659, 'Gwena?lle', 'THOMASSET', 'gwendyy@gmail.com', 'gwendyy'),
(660, '', '', 'stefred93@hotmail.com', 'stefred93'),
(661, '', '', 'derosny@wanadoo.fr', 'MANROS21800'),
(662, 'patrice', 'deshayes', 'deshayes@hec.fr', 'motobi'),
(663, '', '', 'm_beres@hotmail.com', 'Phao'),
(664, '', '', 'lindaviagenest@yahoo.fr', 'linda'),
(665, '', '', 'emachambeau@yahoo.fr', 'emachambeau'),
(666, '', '', 'famille.baniol@laposte.net', 'baniol'),
(667, '', '', 'm.souidi@aliceadsl.fr', 'maliksouidi'),
(668, '', '', 'karine.benigaud@hotmail.fr', 'taracol'),
(669, '', '', 'colt132001@yahoo.fr', 'colt132001'),
(670, '', '', 'caroline.motta@wanadoo.fr', 'caromotta'),
(671, 'Thierry', 'Vial', 'thierry.vial@laposte.net', 'sheims'),
(672, '', '', 'marianne.le-henaff@ac-amiens.fr', 'marianne'),
(673, '', '', 'kghodbane@yahoo.fr', 'kg'),
(674, '', '', 'breneyi@yahoo.fr', 'nathanael'),
(675, 'Stéphane', 'BERNARD', 'steber77@neuf.fr', 'steber'),
(676, '', '', 'aqwerty@hotmail.fr', 'Bourico'),
(677, '', '', 'pompoas@yahoo.com', 'pompoas'),
(678, '', '', 'shinobu24@hotmail.fr', 'nathalie'),
(679, '', '', 'hbodu@club-internet.fr', 'hbodu'),
(680, 'Isabelle', 'de Rosny', 'tmtt@wanadoo.fr', 'frank'),
(681, '', '', 'pclaude@hotmail.com', 'pilote_522'),
(682, '', '', 'olivier.casside@hotmail.fr', 'casside'),
(683, '', '', 'amelie_poidrie@hotmail.fr', 'Poidrie'),
(684, '', '', 'lamymaelle@yahoo.fr', 'lamyma'),
(685, '', '', 'dominique.nozai@wanadoo.fr', 'domi1003'),
(686, '', '', 'jerrome.rey@gmail.com', 'matounouvert'),
(687, 'Catherine', 'TAGLIAVINI', 'cathytgv@free.fr', 'loryne'),
(688, '', '', 'leika@cegetel.net', 'leika'),
(689, '', '', 'qebmf@wanadoo.fr', 'espoiravenir'),
(690, 'g?raldine', 'HENRY', 'geraldine.casha@gmail.com', 'gecasha'),
(691, '', '', 'monalisa_klaxon@hotmail.fr', 'arboricole'),
(692, 'thierry', 'dherbecourt', 'winnie@numericable.fr', 'Gabriel_070806'),
(693, '', '', 'laetitia.parneix@free.fr', 'laeti'),
(694, 'christine', 'renet', 'cr92@neuf.fr', 'cr92'),
(695, '', '', 'henry.stephane@gmail.com', 'bkone'),
(696, '', '', 'elidmx@orange.fr', 'elidmx'),
(697, '', '', 'saillet.daniel@free.fr', 'mireille'),
(698, '', '', 'vulpisor93@hotmail.com', 'lauramylee'),
(699, '', '', 'patricia.fichou@free.fr', 'Lenou1825'),
(700, '', '', 'cordiermartine@wanadoo.fr', 'cordier'),
(701, '', '', 'bertrand.dimont@capgemini.com', 'dimont'),
(702, '', '', 'sylviebelette@aol.com', 'symo'),
(703, 'SOPHIE', 'CHIARAMELLO', 'sophiec2009-achat@yahoo.fr', 'sophiecaramel'),
(704, 'claudine', 'rocha', 'jomsclaudine@yahoo.fr', 'chlorophylle'),
(705, '', '', 'gillesbeasimio@cegetel.net', 'bea'),
(706, '', '', 'ruben.aguayo@orange-ftgroup.com', 'erab6366'),
(707, '', '', 'WATACAS@orange.fr', 'WATACAS'),
(708, 'edwige', 'delforno', 'edwige.delforno@wanadoo.fr', 'whigam'),
(709, 'andrea', 'ruaudel', 'eaccou@hotmail.com', 'ACCOU'),
(710, '', '', 'rudlys@free.fr', 'aston'),
(711, '', '', 'fernandeznadia@hotmail.fr', 'Nadia'),
(712, '', '', 'komorow@ipgp.jussieu.fr', 'komorow'),
(713, '', '', 'ccaillet@mnhn.fr', 'mandragore'),
(714, '', '', 'chris450@hotmail.fr', 'spectre'),
(715, '', '', 'delphine.boudard@gmail.com', 'delphineboudard'),
(716, 'Laurent', 'SAULI', 'lsauli@gmail.com', 'lsauli'),
(717, '', '', 'cguitard@lamartiniere.fr', 'arbre'),
(718, 'Aur?lie', 'Merey', 'aureliemerey@hotmail.com', 'Lilie'),
(719, '', '', 'f.oblin@free.fr', 'sxopmm'),
(720, '', '', 'chams.ejjaouani@gmail.com', 'Chams'),
(721, '', '', 'h_fred0@hotmail.com', 'FetL'),
(722, '', '', 'debrovin@aol.com', 'brossierde'),
(723, '', '', 'ludivinevereycken@hotmail.fr', 'starachille'),
(724, '', '', 'heloise_merlant@yahoo.fr', 'josyva'),
(725, 'Guillaume', 'Tixier', 'lezamis@orange.fr', 'gtixier'),
(726, '', '', 'kv.web@laposte.net', 'kvweb'),
(727, '', '', 'n.vatar@numsight.com', 'Corentin93'),
(728, '', '', 'livera.caroline@voila.fr', 'livera'),
(729, '', '', 'fredouille05@yahoo.fr', 'fredouille05'),
(730, '', '', 'decarvalho.alexandra@gmail.com', 'MisterDuc'),
(731, '', '', 'claudia@bolivia.com', 'clauvale'),
(732, '', '', 'clotildedatin@yahoo.fr', 'Cloty'),
(733, '', '', 'alextoulon@yahoo.fr', 'alextoulon'),
(734, '', '', 'spleen_emma@hotmail.com', 'Emma'),
(735, '', '', 'elisabeth.cadorel@wanadoo.fr', 'neonumerix'),
(736, '', '', 'm.etrillard@laposte.net', 'manuetoon'),
(737, '', '', 'elysa_h@hotmail.fr', 'elysahuynh'),
(738, 'joanne', 'romano', 'joanne@nomade.fr', 'joanner'),
(739, '', '', 'sandra.damour1@wanadoo.fr', 'totalementpour'),
(740, '', '', 'nadbonsi@online.fr', 'Nadou06'),
(741, '', '', 'catherine-moutet@orange.fr', 'dirlo'),
(742, 'michel', 'martineau', 'michel.martineau95@wanadoo.fr', 'frepillon'),
(743, '', '', 'hernannegri@gmail.com', 'hernannegri'),
(744, '', '', 'vhilbertpedersen@orange.fr', 'ValyHP'),
(745, '', '', 'mexesno2@hotmail.com', 'TONY2V1'),
(746, '', '', 'sandplam@hotmail.com', 'patoche'),
(747, '', '', 'sev.monso@free.fr', 'sevgreen'),
(748, '', '', 'rose_flora@hotmail.fr', 'rosenoire'),
(749, '', '', 'eric.toppan@foretpriveefrancaise.com', 'et'),
(750, 'R?mi', 'Grumeau', 'remi.grumeau@gmail.com', 'remi_grumeau'),
(751, '', '', 'virgi550@hotmail.com', 'vfaure'),
(752, 'marie am?lie', 'charpentier', 'melie3108@gmail.com', 'mac45'),
(753, '', '', 'nadine.faure@orange.fr', 'nfaure'),
(754, 'Matthieu', 'Fougeret', 'fougeretmatthieu@hotmail.com', 'foojtee'),
(755, '', '', 'pcl.faure@orange.fr', 'lesfaure'),
(756, '', '', 'olivierp3@aol.com', 'olivierolindo'),
(757, '', '', 'digaubert@airfrance.fr', 'chanu52'),
(758, 'Paul', 'Gaubert', 'polodu313@hotmail.fr', 'Marksman31'),
(759, 'Emmanuel', 'MARY', 'eemmanuel16@yahoo.fr', 'Sirocco'),
(760, '', '', 'antoinegerigne@yahoo.fr', 'ag'),
(761, '', '', 'marina.gastaud@wanadoo.fr', 'PetitPanda'),
(762, 'reinald', 'brassel', 'reinaldbrassel67@hotmail.fr', 'rendy'),
(763, '', '', 'marine.merhi@piment.fr', 'marinemerhi'),
(764, 'Alice', 'FERRERI', 'nalicecannes@hotmail.com', 'nalicecannes'),
(765, '', '', 'katia.cazenave@orange.fr', 'katiaeva'),
(766, '', '', 'p.gaubert@laposte.net', 'pierregaubert'),
(767, '', '', 'mahinetea31@yahoo.fr', 'mahinetea31'),
(768, '', '', 'lefauvet@orange.fr', 'livre'),
(769, 'Laure', 'PICARD', 'laure_picard@yahoo.fr', 'lorpikar'),
(770, 'Pascal', 'Bernardon', 'pascal.bernardon@pbernardon.com', 'pbernardon'),
(771, 'Fabienne', 'Bernardon', 'fabibernardon@hotmail.com', 'hochelaga75'),
(772, '', '', 'alexispiau@hotmail.fr', 'alexislord'),
(773, '', '', 'flodesiles@hotmail.com', 'flodesiles'),
(774, '', '', 'bobby.spurts@voila.fr', 'docdanny'),
(775, '', '', 'dfrezouls@free.fr', 'docdanny67'),
(776, '', '', 'sophistiquee_69@live.be', 'sophistiquee'),
(777, '', '', 'desnosmarie@hotmail.fr', 'megaudon'),
(778, '', 'Kingsway', 'nadege@kingsway.fr', 'Kingsway'),
(779, '', '', 'ambari@gmail.com', 'petbox'),
(780, '', '', 'sophie.froissart@gmail.com', 'sophiefroissart'),
(781, '', '', 'stepholive.lhour@orange.fr', 'cabanas29'),
(782, '', '', 'nicoleperera@gmail.com', 'irangani'),
(783, '', '', 'lou@quinze-mille.com', 'quinze'),
(784, '', '', 'helene93700@aol.com', 'helene93700'),
(785, '', '', 'helcazier@wanadoo.fr', 'hel509'),
(786, '', '', 'laetitiawxyz@yahoo.fr', 'lotutia'),
(787, '', '', 'carole.morgana@wanadoo.fr', 'caroleva'),
(788, '', '', 'stephanelepretre@orange.fr', 'mopass'),
(789, 'MAMOU', 'MAMOU', 'mamou_technologie@yahoo.fr', 'naturelle'),
(790, '', '', 'loic.guillaume1@laposte.net', 'garslouis'),
(791, '', '', 'xavier@piechaczyk.com', 'gauthier'),
(792, '', '', 'delbarrbruno@aol.com', 'Bruno'),
(793, 'L', 'Delalandre', 'leod1995@hotmail.fr', 'azdahr'),
(794, '', '', 'florianaimemarina@gmail.com', 'teykii'),
(795, 'VIRGINIE', 'JACQUOT', 'virginie.jacquot@club-internet.fr', 'lylstan'),
(796, '', '', 'gabriele.bersano@gmail.com', 'gleleb'),
(797, '', '', 'ryotom@hotmail.com', 'ryotom'),
(798, '', '', 'sunbady78@hotmail.com', 'sunbady78'),
(799, '', '', 'ycatier@yahoo.fr', 'justitia'),
(800, '', '', 'cg.guerin@free.fr', 'cgguerin'),
(801, '', '', 'virginie.dutheil@mediaserv.net', 'foulbazar'),
(802, '', '', 'delphineazra47@hotmail.com', 'FiFi'),
(803, '', '', 'nguillemot@gmail.com', 'nguillemot'),
(804, '', '', 'maryannig.robin@univ-rennes1.fr', 'shaman'),
(805, '', '', 'jplethon@hotmail.com', '221136'),
(806, '', '', 'lethon.jean-philippe@neuf.fr', 'jplethon'),
(807, 'ALAIN', 'BERGANTINI', 'protasio@orange.fr', 'jondalar'),
(808, '', '', 'souryami@metaphilo.net', 'souryami'),
(809, '', '', 'cathgaultier@yahoo.fr', 'cath669'),
(810, '', '', 'val.massardier@free.fr', 'val'),
(811, '', '', 'trabelegm@hotmail.fr', 'xpm71'),
(812, 'V?r?ne', 'CHAZAL', 'verene.chazal@wanadoo.fr', 'VereneCH'),
(813, '', '', 'janitor.chantal@neuf.fr', 'mina'),
(814, 'Maximilien', 'Saint-Cricq', 'maximilien@lixiom.com', 'Maximilien'),
(815, '', '', 'apuddapa_989@yopmail.com', 'apuddapa_989'),
(816, '', '', 'rainaudg@unice.fr', 'ushiba'),
(817, '', '', 'shadokk01@free.fr', 'shadokk'),
(818, 'Marie', 'Miqueu-barneche', 'peac-and-love-65@hotmail.fr', 'Marrrie'),
(819, '', '', 'jeanmarc.boulle@wanadoo.fr', 'HAMBOUL'),
(820, '', '', 'camibou@hotmail.com', 'Camibou'),
(821, '', '', 'dabou_j@hotmail.fr', 'bakar'),
(822, '', '', 'walerais@numeo.fr', 'walerais'),
(823, '', '', 'Rijhaer@aol.com', 'Rijhaer'),
(824, '', '', 'pauldufayet@gmail.com', 'dudela'),
(825, '', '', 'beatrice.tomi@gmail.com', 'beatom'),
(826, '', '', 'em@etinmatr.biz', 'etinmatr'),
(827, '', '', 'francischarrier@aol.com', 'fran6'),
(828, '', '', 'jpmartinmairesse@gmail.com', 'jpp'),
(829, '', '', 's.engam@orane.fr', 'tirepot'),
(830, 'amandine & J?r?mie', 'LE FOUILLER', 'amandinejeremie@hotmail.fr', 'amandinejeremie'),
(831, '', '', 'russeil.catherine@aliceadsl.fr', 'noisette'),
(832, '', '', 'gd62@free.fr', 'gondel'),
(833, '', '', 's.engam@orange.fr', 'moutarde'),
(834, '', '', 'badradinereguig@yahoo.fr', 'bado'),
(835, '', '', 'eric.gentreau@free.fr', 'ericolo16120'),
(836, 'Philippe', 'Denys', 'ph.denys@laposte.net', 'PhD'),
(837, '', '', 'cauchiedel@hotmail.com', 'fline'),
(838, '', '', 'elsanassiet@yahoo.fr', 'enassiet'),
(839, '', '', 'gilles.engels@hotmail.fr', 'gillou2005'),
(840, '', '', 'b.guilet@free.fr', 'B'),
(841, '', '', 'piermora@free.fr', 'mora'),
(842, '', '', 'philippeii.joubaud@orange.fr', 'pothealer'),
(843, '', '', 'christophemaineult@hotmail.com', 'Gedefor'),
(844, '', '', 'cnprof@laposte.net', 'xrisnor'),
(845, '', '', 'verodubois@free.fr', 'veronik'),
(846, '', '', 'paulplz@numericable.fr', 'paul'),
(847, '', '', 'dominique.dumont89@orange.fr', 'domidum'),
(848, '', '', 'icarrie@wanadoo.fr', 'tapioka'),
(849, 'Pauline', 'Ronet', 'p_ronet@yahoo.fr', 'p2977'),
(850, '', '', 'michel.oliveux@wanadoo.fr', 'oliveux'),
(851, '', '', 'Clairemontero@Yahoo.fr', 'Theclairou'),
(852, '', '', 'blaise.elodieetolivier@neuf.fr', 'elphine'),
(853, '', '', 'acdelhommeau@free.fr', 'anka'),
(854, '', '', 'peppette3@hotmail.com', 'plages'),
(855, '', '', 'sylviemourier@neuf.fr', 'sylvie54'),
(856, '', '', 'mirfred@free.fr', 'emefgreen'),
(857, '', '', 'guillaume83@yahoo.fr', 'guillaume83'),
(858, 'Maryl?ne', 'Le Bars', 'mlebars@orange.fr', 'lebars'),
(859, '', '', 'jm.mascaro@orange.fr', 'jmmascaro'),
(860, '', '', 't.c.dorsemaine@hotmail.fr', 'dorsemaine'),
(861, '', '', 'germanoise@hotmail.fr', 'germanoise'),
(862, '', '', 't.chiron@free.fr', 'Tiph'),
(863, '', '', 'lou_e_c_rasta@msn.fr', 'loulou'),
(864, '', '', 'belliot-th@noos.fr', 'sondier'),
(865, '', '', 'lou_e_c_rasta@msn.com', 'loulouroots'),
(866, '', '', 'pyf.sylvie@orange.fr', 'mer'),
(867, '', '', 'plaidfrogbird@hotmail.com', 'frogbird'),
(868, '', '', 'marie.baudin@wanadoo.fr', 'calalongua73'),
(869, '', '', 'sebastien.cousin@mailhec.net', 'Sebrec'),
(870, '', '', 'martine.dupessey@comeven.fr', 'balise'),
(871, '', '', 'barbreau@club-internet.fr', 'fr80ca'),
(872, '', '', 'clemence@action-marketing.fr', 'admin'),
(873, '', '', 'didier-lepape@wanadoo.fr', 'dlpblues'),
(874, '', '', 'bibigogo@ebuyclub.com', 'bibette'),
(875, '', '', 'stfunx01-up2green@yahoo.fr', 'stfunx'),
(876, '', '', 'fred.leblancjob@laposte.net', 'dreuff'),
(877, 'Florence', 'MAITRE', 'vision17000@yahoo.fr', 'vision17000'),
(878, '', '', 'emmy.wendling@laposte.net', 'emmywendling'),
(879, '', '', 'celinemetrot@yahoo.fr', 'celarno'),
(880, '', '', 'mat.grenoble@gmail.com', 'matgre'),
(881, '', '', 'Alwenn23@aol.com', 'Alwenn'),
(882, '', '', 'mireille.sergent@worldonline.fr', 'mimilamite'),
(883, '', '', 'beatricetirel@hotmail.com', 'tirelb'),
(884, 'Marie-Rose', 'LEJAY', 'lapuce0502@hotmail.com', 'l'),
(885, '', '', 'cybersamson@hotmail.com', 'mars2050'),
(886, '', '', 'alexandre@lixiom.com', 'Grimgor'),
(887, 'FONSECA', 'Bernard', 'bernard.fonseca@free.fr', 'bfonseca'),
(888, '', '', 'rastaman30@hotmail.com', 'fanfan'),
(889, '', '', 'anais.leca@free.fr', 'calimero'),
(890, '', '', 'rivat.ludivine@neuf.fr', 'Ectro');
INSERT INTO `preinscription` (`id`, `first_name`, `last_name`, `email_address`, `username`) VALUES
(891, '', '', 'jordanleliard@hotmail.fr', 'jleliard'),
(892, '', '', 'nicomarcy@hotmail.com', 'gnico'),
(893, '', '', 'romain.dehaye@gmail.com', 'slipette'),
(894, '', '', 'luck.84@hotmail.fr', 'lucky84'),
(895, '', '', 'vmercy@bonoboplanet.fr', 'xela4me'),
(896, '', '', 'fredandthecity@free.fr', 'fredandthecity'),
(897, '', '', 'famillesebag@free.fr', 'famillesebag'),
(898, 'Patrick', 'GRAND', 'pkgrand68@orange.fr', 'patrick'),
(899, '', '', 'aurethib@hotmail.fr', 'HILY75'),
(900, '', '', 'hollyannick@hotmail.com', 'hollyannick'),
(901, '', '', 'samuel_hamy@yahoo.fr', 'samuelhamy'),
(902, '', '', 'cybercarine@hotmail.com', 'cybercarine'),
(903, '', '', 'zoe.ecolivet@hotmail.fr', 'ZEC2009'),
(904, '', '', 's.nouzieres@wanadoo.fr', 'nouzieres'),
(905, '', '', 'A13G57@yahoo.fr', 'A13G57'),
(906, '', '', 'david-armelle@orange.fr', 'moruedebay'),
(907, '', '', 'toulgoatcathy@yahoo.fr', 'toutoul'),
(908, '', '', 'charles_dematteis@yahoo.fr', 'Kanah'),
(909, '', '', 'martinus1980@hotmail.fr', 'trama1953'),
(910, '', '', 'martinus1980@hotmail.com', 'martinus1980'),
(911, '', '', 'mathilde.nugue@gmail.com', 'mathilde154'),
(912, '', '', 'pasfontaine@laposte.net', 'pasfontaine'),
(913, '', '', 'pasfon@laposte.net', 'TITI6224'),
(914, 'Antoine', 'Giraud', 'viper92160@gmail.com', 'viper92160'),
(915, '', '', 'patrick_girault@hotmail.fr', 'Patasch'),
(916, '', '', 'titoux85@hotmail.fr', 'titoux85'),
(917, '', '', 'michaelsanson_8@hotmail.com', 'michaelsanson_8'),
(918, '', '', 'carolinebortolin@hotmail.com', 'Caroline'),
(919, 'Elodie', 'AUDOUZE', 'paradoxe.contradiction@hotmail.fr', 'PARADOXXXE'),
(920, '', '', 'pseigue@orange.fr', 'entre2mers'),
(921, '', '', 'annesophie.saffre@neuf.fr', 'asaffre'),
(922, '', '', 'jean.riondet@laposte.net', 'jeriondet'),
(923, '', '', 'e_stella77@hotmail.fr', 'estel77'),
(924, '', '', 'patriciatravers@wanadoo.fr', 'pat1958'),
(925, '', '', 'david.charrier85@orange.fr', 'dino85'),
(926, '', '', 'b.laplaige@gmail.com', 'ypnotize'),
(927, 'C', 'K', 'cyrilkaruna@aol.com', 'aaaaa'),
(928, '', '', 'etienne.maraval@lexmark.fr', 'emaraval'),
(929, '', '', 'budagain@hotmail.fr', 'mathieurebiere'),
(930, '', '', 'thomas.scheuer@wanadoo.fr', 'thomasS'),
(931, '', '', 'florencecas@yahoo.fr', 'uptogreen'),
(932, '', '', 'casflorence@hotmail.com', 'florence'),
(933, '', '', 'guillaume.lamoure@club-internet.fr', 'glamoure'),
(934, 'Michael', 'JURAVER', 'mikejuraver@hotmail.com', 'GREENMIKE'),
(935, '', '', 'snorit@hotmail.com', 'norit'),
(936, '', '', 'vilela_rosy@hotmail.com', 'anjinho49'),
(937, '', '', 'contact@modetic.com', 'modetic'),
(938, '', '', 'anne.raulot-lapointe@aliceadsl.fr', 'arl'),
(939, '', '', 'annekmille@hotmail.fr', 'acfavret'),
(940, '', '', 'alain.lhuillier.tiaiba@wanadoo.fr', 'lucie2002'),
(941, 'Karine', 'Da Silva', 'karinetgirl@hotmail.fr', 'terrae'),
(942, 'noble', 'sophie', 'sophie.noble@hotmail.fr', 'sophieblop'),
(943, '', '', 'christiane-perez2@wanadoo.fr', 'christiane'),
(944, '', '', 'liligad@libertysurf.fr', 'liligad'),
(945, '', '', 'adelino.desousa@wanadoo.fr', 'desousa'),
(946, '', '', 'pierre_flandrois@yahoo.fr', 'pafli'),
(947, '', '', 'vld78@hotmail.fr', 'VirginieLD'),
(948, '', '', 'genmandibule@hotmail.fr', 'mandibulon'),
(949, '', '', 'ju.lie.a@live.fr', 'Juliee'),
(950, '', '', 'augerbenjamin@hotmail.fr', 'Xanon_Agchamael'),
(951, '', '', 'abouty@hotmail.com', 'voilavoila'),
(952, '', '', 'titicarole@hotmail.com', 'titicarole'),
(953, '', '', 'saisrienj@yahoo.fr', 'Gueno07'),
(954, '', '', 'csammiez@atnetplanet.com', 'csammiez'),
(955, 'David', 'PAJOT', 'pajoteam@gmail.com', 'pajoteam'),
(956, '', '', 'cestmoitheo@hotmail.com', 'guignol821'),
(957, '', '', 'patricia.lavitdhautefort@wanadoo.fr', 'peace'),
(958, '', '', 'axeldesaintemarie@gmail.com', 'coffee976'),
(959, '', '', 'ainard@voila.fr', 'florian'),
(960, '', '', 'gribovalce@yahoo.fr', 'kristof'),
(961, '', '', 'edreuzy@goyave.fr', 'edreuzy'),
(962, '', '', 'wongmankanje@yahoo.fr', 'jeywong'),
(963, '', '', 'damienfavale@yahoo.fr', 'mrjack5'),
(964, '', '', 'elephant_bleu69@hotmail.fr', 'PaulB69'),
(965, '', '', 'marjorie.larouze@gmail.com', 'marco2008'),
(966, '', '', 'maxgrodzisko@hotmail.com', 'Maxime'),
(967, 'Carline', 'Lechypre Lambinon', 'mcelechypre@noos.fr', 'carogreen'),
(968, '', '', 'olga.gothon@narreo.fr', 'ogothon'),
(969, '', '', 'florenceveyssiere@hotmail.fr', 'floflo'),
(970, 'Laurence', 'Gourdé', 'gourde.laurence@orange.fr', 'laudine'),
(971, '', '', 'emaup@yahoo.fr', 'doudoumaster'),
(972, '', '', 'beatrigc@hotmail.com', 'sona0714'),
(973, '', '', 'marianne.jully@aliceadsl.fr', 'marianne9512'),
(974, '', '', 'clairefontanie@hotmail.com', 'clairelaplanteuse'),
(975, '', '', 'carolebordes@voila.fr', 'carolebordes'),
(976, '', '', 'lemiki@laposte.net', 'laussat'),
(977, '', '', 'jean-luc.cabares@orange.fr', '4812'),
(978, '', '', 'amaugerfred@aol.com', 'amaugerfred'),
(979, '', '', 'amandineaillot@hotmail.fr', 'reforet'),
(980, '', '', 'marion.hurel@worldonline.fr', 'marionecolo'),
(981, '', '', 'leienien@gmail.com', 'ienien'),
(982, 'Rylia', 'Vanloo', 'ryliah2o@hotmail.com', 'Ryliah2o'),
(983, '', '', 'paulinelefevre28@aol.com', 'suarpioupiou'),
(984, '', '', 'tchoi13400@msn.com', 'tchoi13400'),
(985, '', '', 'isabelle_pierdomenico@hotmail.com', 'isapi'),
(986, '', '', 'contact@soin-nature.fr', 'ambr54'),
(987, '', '', 'jeanne@passard.fr', 'jane06'),
(988, '', '', 'chouf68@msn.com', 'chouf68'),
(989, '', '', 'lilozoiso@hotmail.fr', 'lilo3101'),
(990, '', '', 'eddyk@hotmail.fr', 'eddyk'),
(991, '', '', 'annegaelle.contin@cegetel.net', 'gatchane'),
(992, '', '', 'o_lorelei_o@hotmail.com', 'dianou'),
(993, '', '', 'elsa_despeyroux@hotmail.fr', 'percesneiges'),
(994, '', '', 'nathalie.henrio@gmail.com', 'natrod'),
(995, '', '', 'zouzou91150@hotmail.com', 'zouzou'),
(996, '', '', 'thierry.oif@free.fr', 'tilly'),
(997, '', '', 'philippecholat@sfr.fr', 'PCHOLAT'),
(998, '', '', 'r.pasdeloup@laposte.net', 'rpasdeloup'),
(999, '', '', 'adeline.h83@hotmail.fr', 'adelineh83'),
(1000, 'Valérie', 'ROGEAU', 'valerie.rogeau@free.fr', 'vava74'),
(1001, 'marc', 'Sylvestre', 'marcsylvestre8@yahoo.fr', 'cus'),
(1002, '', '', 'maryc1591@yahoo.fr', 'maryc'),
(1003, '', '', 'aurelie_denis@yahoo.fr', 'aurelie_denis'),
(1004, '', '', 'lfeierazen@hotmail.com', 'lovetheworld'),
(1005, '', '', 'victor2garcia@gmail.com', 'victor'),
(1006, '', '', 'sandrine.f@lagoon.nc', 'sandvanua'),
(1007, '', '', 'missipoussi@gmail.com', 'missipoussi'),
(1008, 'Benoît', 'Cobut', 'bcobut@gmail.com', 'benoitcobut'),
(1009, '', '', 'joelle.kopff@neuf.fr', 'joellekopff'),
(1010, 'Thierry', 'Millié', 't.millie@free.fr', 'rakoon'),
(1011, '', '', 'anne.sulliot@orange.fr', 'asulliot'),
(1012, '', '', 'zoheir@free.fr', 'zoheir'),
(1013, '', '', 'marie_anne46@hotmail.com', 'marieanne'),
(1014, '', '', 'alexandre_frenal@yahoo.fr', 'brasles'),
(1015, '', '', 'celine.roddier@orange.fr', 'celine42'),
(1016, '', '', 'cecile.preaux@wanadoo.fr', 'cecile2626'),
(1017, '', '', 'cpane@dalkia.com', 'cpane'),
(1018, '', '', 'contact@aprhconseil.com', 'ganouille'),
(1019, '', '', 'estebansandra@yahoo.fr', 'sesteban'),
(1020, '', '', 'sandrine.b-c@wanadoo.fr', 'Calune'),
(1021, '', '', 's_brouillet@msn.com', 's_brouillet'),
(1022, '', '', 'maoche77@yahoo.fr', 'catleya'),
(1023, '', '', 'david.raffier@ymail.com', 'davidgreen'),
(1024, '', '', 'f.joncour@yahoo.fr', 'alixpaul'),
(1025, '', '', 'kartago@neuf.fr', 'kartago'),
(1026, '', '', 'francoise.contin@laposte.net', 'hobicat'),
(1027, '', '', 'francoise.contin@ac-rennes.fr', 'arbres'),
(1028, '', '', 'paccou@doxense.com', 'doxense'),
(1029, 'Vincent', 'LEMAIRE', 'lemaire@doxense.com', 'lemaire'),
(1030, '', '', 'fanou1214@hotmail.com', 'fanou1214'),
(1031, '', '', 'zeldazong@hotmail.com', 'zeldazong'),
(1032, 'Thomas', 'BELLIS', 'thomasbellis@gmail.com', 'thomasbellis'),
(1033, '', '', 'franck.objois@idex-groupe.com', 'jisboo'),
(1034, '', '', 'nmarechal@laposte.net', 'abwico'),
(1035, '', '', 'frp_anne@yahoo.fr', 'frp_anne'),
(1036, '', '', 'brigitte.puech@mairie-ballainvilliers.fr', 'puech_b'),
(1037, '', '', 'I.trubert@laposte.net', 'isaline'),
(1038, '', '', 'rene.borrey@wanadoo.fr', 'yerrob'),
(1039, '', '', 'mntrubert@laposte.net', 'marinopera'),
(1040, '', '', 'dom.lejeune@gmail.com', 'domlej'),
(1041, '', '', 'flag.romeo@free.fr', 'timon'),
(1042, '', '', 'maximelepretre76@hotmail.fr', 'maximelepretre'),
(1043, '', '', 'chaignemc@orange.fr', 'morgan'),
(1044, '', '', 'pg8713@hotmail.com', 'pg'),
(1045, '', '', 'vincentleloup@free.fr', 'Corwin'),
(1046, '', '', 'stephani.breton@hotmail.fr', 'steph29'),
(1047, '', '', 'sabvoisin@yahoo.fr', 'sabvoisin'),
(1048, '', '', 'fragueur@gmail.com', 'FraGueuR'),
(1049, '', '', 'cotati@hotmail.fr', 'Nico'),
(1050, '', 'laetitia', 'laetitiamlp@yahoo.fr', 'london'),
(1051, '', '', 'jennifer.barotfroger@fr.ysl.com', 'jny72747'),
(1052, '', '', 'fidgis@yahoo.com', 'fidgis'),
(1053, '', '', 'cuartero.joel@wanadoo.fr', 'jc34'),
(1054, '', '', 'dorleans.annabelle@wanadoo.fr', 'anndor'),
(1055, '', '', 'cxgagey@yahoo.fr', 'celine'),
(1056, '', '', 'yves@le-houx.com', 'houx'),
(1057, '', '', 'legalludovic@wanadoo.fr', 'tailgunner'),
(1058, '', '', 'shallaire@gmail.com', 'sha'),
(1059, '', '', 'daoukz@hotmail.fr', 'daouk85'),
(1060, '', '', 'ccharlec@yahoo.com.br', 'cckodjo'),
(1061, '', '', 'arianev@hotmail.com', 'arianev'),
(1062, '', '', 'etchss@yahoo.com', 'YAHOO'),
(1063, '', '', 'ema.innovation@gmail.com', 'ema'),
(1064, '', '', 'gil.sab@wanadoo.fr', 'gilsab'),
(1065, '', '', 'infos@lysdrac.com', 'lysdrac'),
(1066, '', '', 'regis.vill@wanadoo.fr', 'relian'),
(1067, '', '', 'severineking@hotmail.com', 'SeveKing'),
(1068, '', '', 'gunthersarah46@hotmail.com', 'sarah'),
(1069, '', '', 'trand8l@gmail.com', 'Tranduil'),
(1070, '', '', 'patrick.wiscart@yahoo.fr', 'pw'),
(1071, '', '', 'audreyroy6@hotmail.com', 'audreyroy'),
(1072, '', '', 'jacpelerins@orange.fr', 'evhane'),
(1073, '', '', 'c.jacob@noos.fr', 'christel'),
(1074, '', '', 'aurelia.fleche@hotmail.fr', 'afleche'),
(1075, '', '', 'bluebaron_be@yahoo.fr', 'bluebaron_be'),
(1076, '', '', 'mljb@skynet.be', 'mylene'),
(1077, '', '', 'mcherest@produrable.com', '55995599'),
(1078, '', '', 'elo2323@gmail.com', 'elo2323'),
(1079, '', '', 'mayaudnoel@hotmail.com', 'steph1882'),
(1080, '', '', 'aly.diakite@yahoo.fr', '691968'),
(1081, '', '', 'gboucher8@hotmail.fr', 'gboucher8'),
(1082, '', '', 'dinizmarielaure@free.fr', 'libetbulle');

--
-- Contenu de la table `programme`
--

INSERT INTO `programme` (`id`, `organisme_id`, `geoadress`, `is_active`, `max_tree`, `logo`, `created_at`, `updated_at`, `add_tree`) VALUES
(2, NULL, 'Brésil (Sao Paulo)', 0, 0, NULL, '2010-06-26 18:27:38', '2011-06-15 05:09:06', 0),
(3, NULL, 'Honduras', 0, 0, NULL, '2010-06-26 18:27:38', '2010-08-28 18:06:06', 0),
(4, NULL, 'Haiti', 0, 0, NULL, '2010-06-26 18:27:38', '2010-08-28 18:06:20', 0),
(5, 2, 'Burundi', 0, 1000000, '728e3c40721fe5a130c178f62c7c403290d78f35.jpg', '2010-06-26 18:27:38', '2011-01-23 13:07:21', 0),
(6, NULL, 'Indonésie', 0, 0, NULL, '2010-06-26 18:27:38', '2010-09-22 23:20:41', 0),
(7, NULL, 'Mali', 0, 0, NULL, '2010-06-26 18:27:38', '2010-08-29 14:16:47', 0),
(8, 7, 'Burkina Faso', 1, 15000, 'f2f6b343dca842f8e68c3c5a88db72166f80c811.jpg', '2010-06-26 18:27:38', '2011-06-03 16:11:17', 162),
(9, NULL, 'Guinée', 0, 1000000, 'ff34ade51a010576405a2b1d147a66ca99227df0.jpg', '2010-06-26 18:27:38', '2011-01-09 22:12:03', 0),
(10, 5, 'Madagascar', 1, 15000, 'ed42179f029ade214c71564211aa41a4e9f62d59.jpg', '2010-06-26 18:27:38', '2011-06-03 16:11:00', 188),
(11, 6, 'Sénégal', 1, 100000000, 'd0233b1b41bb0bd76b010373cd4a1ad418a84fab.jpg', '2010-06-26 18:27:38', '2010-09-27 21:13:35', 0),
(12, 7, 'Benin', 1, 10000, 'f513d8fe1289e485aba17a6c6a4bf6ec3b6de423.jpg', '2010-08-28 17:14:19', '2010-08-29 16:54:54', 0),
(13, 10, 'Equateur', 1, 15000, '3afc4d8a414f68630a4d970634882c5a68b1ad45.jpg', '2010-08-28 17:48:07', '2011-03-21 12:35:41', 0),
(14, NULL, 'perou', 0, 15000, '871d72fb738bd451e7876f0b7a2fd969927c754b.jpg', '2010-08-28 17:53:36', '2011-06-03 16:11:41', 1620),
(15, 8, 'colombie', 1, 15000, '40719b88b2afa2827905b4f91437c46d4fa2a5ec.jpg', '2010-08-28 18:03:15', '2011-03-21 12:34:16', 0),
(16, 9, 'France', 0, 1000, '65cbd4f14cf9ee86910173b0314615418910379e.jpg', '2010-09-19 20:03:40', '2011-01-23 13:07:48', 0),
(17, 2, 'Ethiopie', 1, 100000000, 'ef2d9caadf7b1dbccdde7945d644680a0d29e8f3.jpg', '2010-09-21 19:46:37', '2011-06-03 16:12:10', 155),
(18, 2, 'Inde', 1, 2000000, '364b86f81a075ad007ab4c5b19ed0126906da840.jpg', '2010-11-21 10:03:56', '2011-06-03 16:11:54', 189),
(20, 11, 'costa rica', 1, 50000, 'dd6180e06f70e9e371abe7a0682fabe976bd84be.jpg', '2011-03-14 21:03:05', '2011-03-14 21:03:05', 0);

--
-- Contenu de la table `programme_point`
--

INSERT INTO `programme_point` (`id`, `latitude`, `longitude`, `altitude`, `programme_id`) VALUES
(1, 9.351581, -84.032164, 0.000000, 20),
(2, 0.989158, -77.801578, 0.000000, 13),
(3, 14.524722, -0.314753, 0.000000, 8),
(4, 10.849611, 1.033597, 0.000000, 12),
(5, -14.899283, 50.277947, 0.000000, 10),
(6, 13.046933, -16.729319, 0.000000, 11),
(7, -9.189967, -75.015152, 0.000000, 14),
(8, 4.088220, -69.580000, 0.000000, 15),
(9, 20.593684, 78.962880, 0.000000, 18),
(10, 9.145000, 40.489673, 0.000000, 17),
(11, -23.548943, -46.638818, 0.000000, 2),
(12, 15.199999, -86.241905, 0.000000, 3),
(13, 18.971187, -72.285215, 0.000000, 4),
(14, -3.373056, 29.918886, 0.000000, 5),
(15, -0.789275, 113.921327, 0.000000, 6),
(16, 17.570692, -3.996166, 0.000000, 7),
(17, 9.945587, -9.696645, 0.000000, 9),
(18, 49.432801, 1.421833, 0.000000, 16);

--
-- Contenu de la table `programme_polygonne`
--

INSERT INTO `programme_polygonne` (`polygonne_id`, `programme_id`) VALUES
(2, 14),
(1, 15);

--
-- Contenu de la table `programme_translation`
--

INSERT INTO `programme_translation` (`id`, `title`, `accroche`, `description`, `lang`, `slug`) VALUES
(2, 'Brasil', '<p>\r\n	In areas of Guraghe, Konso and Lake Tana, the aim is to fight against desertification and provide incomes to local people (fruit, honey, furniture, lumber, etc..)</p>\r\n', '', 'en', 'brasil'),
(2, 'Brésil (Etat de Sao Paulo)', '<p>\r\n	Dans la r&eacute;gion de Sao Paulo , pour am&eacute;liorer la production agricole, lutter contre la pauvret&eacute; rurale et apprendre les techniques agro-sylvicoles aux populations locales.</p>\r\n', '', 'fr', 'bresil-etat-de-sao-paulo'),
(3, 'Honduras', '<p>\r\n	In the mountains, to protect the aquifer and prevent the water shortage. Planting multiple species for different uses: fruit, firewood and construction.</p>\r\n', '<br />\r\n', 'en', 'honduras'),
(3, 'Honduras', '<p>\r\n	Dans les montagnes, pour prot&eacute;ger les aquif&egrave;res et &eacute;viter la p&eacute;nurie d&#39;eau. Plantation de multiples essences pour diff&eacute;rents usages : production de fruits, de bois de chauffage et de construction.</p>\r\n', '<br />\r\n', 'fr', 'honduras'),
(4, 'Haiti (Arcanie Cost)', '<p>\r\n	In coastal area of Arcadins in order to restore the hillside and develop an economical activity (charcoal, biofuels, agriculture hillside).</p>\r\n', '<br />\r\n', 'en', 'haiti-arcanie-cost'),
(4, 'Haiti (Arcanie)', '<p>\r\n	Dans la r&eacute;gion c&ocirc;ti&egrave;re d&#39;Arcadine, pour restaurer les flans de colline et d&eacute;velopper une activit&eacute; &eacute;conomique (charbon de bois, biocarburants, agriculture &agrave; flan de coteau).</p>\r\n', '<br />\r\n', 'fr', 'haiti-cote-d-arcanie'),
(5, 'Burundi', '<p>\r\n	To fight against malnutrition by planting &#39;Morinfa oleifera&#39; specie tree which contains twice more calcium than milk and 4 times more vitamin A.</p>\r\n', '<p>\r\n	<u><strong><span class="fontTXBLKund">Environmental Issues </span></strong></u><br />\r\n	Burundi suffers from a history of unsustainable land-use, even before colonization. The percentage of people living rurally and dependent on agriculture is extremely high at 90% with the average for sub Saharan Africa at 60%. Land is either held by small farmers, of which 80% is less than 1.5 hectares, or is leased to local communes. However, the majority, around 95%, of the land is under no land protection. As a result, agricultural expansion, overgrazing and fuelwood collection have seriously degraded the soil. Only around 6% of Burundi is forested and, in total, between 1990 and 2005 close to 50% of the forest cover was lost. Rampant deforestation has resulted in serious soil erosion, nutrient poor soils, and decreased water resources. Moreover, the long history of conflicts decimated the livestock populations, decreasing an important source of natural fertilizer. Burundi&#39;s wildlife diversity is also threatened. Many species are considered endangered, including the magnificent mountain gorillas in the highland</p>\r\n<p>\r\n	&nbsp;</p>\r\n<p>\r\n	<strong><u><span class="fontTXBLKund">Social Issues </span></u></strong><br />\r\n	Burundi is one of the most impoverished nations in Africa, with average annual income at $100. The ethnic conflicts between the Tutsis and the Hutus, largely over decreased natural resources, throughout the 1980s and 1990s crippled the country. Even worse, the AIDS epidemic that ravages the country has left over half of the 8 million inhabitants under the age of 14. Its current development is being further slowed by climatic events including drought, fires and torrential rains which cause flooding and landslides. This, along with unsustainable land-use practices have deeply affected this agrarian population, to the point that 53% of children under the age of five are suffering from chronic malnutrition. For these reasons and more, Trees for the Future and Hope for Burundi are committed in partnership to combat these issues.</p>\r\n<p>\r\n	<u><strong><span class="fontTXBLKund">Response of Trees For the Future :<br />\r\n	</span></strong></u><span class="fontTXBLK">We began working in Burundi in 1996, supporting small community reforestation projects. Since 2008, TREES has partnered with John Bosco Hakizimana of Hope for Burundi. John&#39;s approach &mdash; utilizing trees to reclaim degraded lands, feed starving people, and provide a source of income &mdash; has effectively brought together people and cultures who have been in conflict for too many years. A strong focus has been placed on the planting of <em>Morinfa oleifera. </em> In a country where 57% of children under 5 suffer from chronic malnutrition, <em>Moringa, </em>also called &ldquo;the miracle tree&rdquo; boasts twice the calcium as milk and four times as much Vitamin A (which prevents blindness) as in carrots. Moreover, Hope for Burundi has brought Hutu and Tutsi together in the staff of his organization and has administered community training in non-violent communication to promote Burundian solidarity. People are being educated about agroforestry technologies, sustainable agriculture production, including the development of the Forest Garden model.</span></p>\r\n', 'en', 'burundi'),
(5, 'Burundi', '<p>\r\n	Pour lutter contre la malnutrition en plantant l&#39;arbre &#39;Morinfa oleifera&#39; qui contient 2 fois plus de calcium que le lait et 4 fois plus de vitamine A.</p>\r\n', '<p>\r\n	<u><strong><span class="fontTXBLKund">Environmental Issues </span></strong></u><br />\r\n	Burundi suffers from a history of unsustainable land-use, even before colonization. The percentage of people living rurally and dependent on agriculture is extremely high at 90% with the average for sub Saharan Africa at 60%. Land is either held by small farmers, of which 80% is less than 1.5 hectares, or is leased to local communes. However, the majority, around 95%, of the land is under no land protection. As a result, agricultural expansion, overgrazing and fuelwood collection have seriously degraded the soil. Only around 6% of Burundi is forested and, in total, between 1990 and 2005 close to 50% of the forest cover was lost. Rampant deforestation has resulted in serious soil erosion, nutrient poor soils, and decreased water resources. Moreover, the long history of conflicts decimated the livestock populations, decreasing an important source of natural fertilizer. Burundi&#39;s wildlife diversity is also threatened. Many species are considered endangered, including the magnificent mountain gorillas in the highland</p>\r\n<p>\r\n	&nbsp;</p>\r\n<p>\r\n	<strong><u><span class="fontTXBLKund">Social Issues </span></u></strong><br />\r\n	Burundi is one of the most impoverished nations in Africa, with average annual income at $100. The ethnic conflicts between the Tutsis and the Hutus, largely over decreased natural resources, throughout the 1980s and 1990s crippled the country. Even worse, the AIDS epidemic that ravages the country has left over half of the 8 million inhabitants under the age of 14. Its current development is being further slowed by climatic events including drought, fires and torrential rains which cause flooding and landslides. This, along with unsustainable land-use practices have deeply affected this agrarian population, to the point that 53% of children under the age of five are suffering from chronic malnutrition. For these reasons and more, Trees for the Future and Hope for Burundi are committed in partnership to combat these issues.</p>\r\n<p>\r\n	<u><strong><span class="fontTXBLKund">Response of Trees For the Future :<br />\r\n	</span></strong></u><span class="fontTXBLK">We began working in Burundi in 1996, supporting small community reforestation projects. Since 2008, TREES has partnered with John Bosco Hakizimana of Hope for Burundi. John&#39;s approach &mdash; utilizing trees to reclaim degraded lands, feed starving people, and provide a source of income &mdash; has effectively brought together people and cultures who have been in conflict for too many years. A strong focus has been placed on the planting of <em>Morinfa oleifera. </em> In a country where 57% of children under 5 suffer from chronic malnutrition, <em>Moringa, </em>also called &ldquo;the miracle tree&rdquo; boasts twice the calcium as milk and four times as much Vitamin A (which prevents blindness) as in carrots. Moreover, Hope for Burundi has brought Hutu and Tutsi together in the staff of his organization and has administered community training in non-violent communication to promote Burundian solidarity. People are being educated about agroforestry technologies, sustainable agriculture production, including the development of the Forest Garden model.</span></p>\r\n', 'fr', 'burundi-region-de-ruyigi'),
(6, 'Indonesia', '<p>\r\n	In areas of Deli Serdang - Sumatra, to restore the mangroves, bank protection and biodiversity, and storing carbone.</p>\r\n', '<br />\r\n', 'en', 'indonesia'),
(6, 'Indonésie', '<p>\r\n	Dans les r&eacute;gions de Deli Serdang - Sumatra, pour restaurer les mangroves, prot&eacute;ger les berges et leur biodiversit&eacute;, et stocker le carbone.</p>\r\n', '<p>\r\n	&nbsp;</p>\r\n<br />\r\n<div firebugversion="1.5.4" id="_firebugConsole" style="display: none;">\r\n	&nbsp;</div>\r\n<br />\r\n', 'fr', 'indonesie'),
(7, 'Mali', '<p>\r\n	In the Sahel region of Mopti, the aim is to fight against desertification and o help sedentary populations developing an economic activity planting fruit trees species - 1000 trees per family and per hectare.</p>\r\n', '<br />\r\n', 'en', 'mali'),
(7, 'Mali', '<p>\r\n	Dans la r&eacute;gion de Mopti Sahel, pour lutter contre la d&eacute;sertification et s&eacute;dentariser les populations en d&eacute;veloppant une activit&eacute; &eacute;conomique &agrave; partir des essences d arbres fruitiers qui sont plant&eacute;s - 1000 arbres par famille et par hectare.</p>\r\n', '<br />\r\n', 'fr', 'mali'),
(8, 'Burkina Faso', '<p>\r\n	Reforestation program in the Burkina Sahel desert</p>\r\n', '<br />\r\n', 'en', 'burkina-faso'),
(8, 'Burkina Faso', '<p>\r\n	<strong>Enjeux : d&eacute;veloppement &eacute;cotourisque + cr&eacute;ation d&#39;activit&eacute; &eacute;conomique.</strong></p>\r\n<p>\r\n	R&eacute;gion : Sahel burkinabais</p>\r\n<p>\r\n	Programme de plantation d&#39;arbres fruitiers et de bois d&#39;oeuvre pour les touaregs et les peuls, et pour la lutte contre l&#39;avanc&eacute;e du d&eacute;sert</p>\r\n', '<p>\r\n	<img alt="" src="/uploads/ck/images/caseBurkina.jpg" style="width: 391px; height: 259px;" /><img alt="" src="/uploads/ck/images/sitewebBurkina.jpg" style="width: 391px; height: 259px;" /></p>\r\n<p>\r\n	<strong>Enjeux</strong> : lutter contre l&#39;avanc&eacute;e du d&eacute;sert, lutter contre la pauvret&eacute;</p>\r\n<p>\r\n	<strong>Localisation </strong>: Gandefabou, province de l&#39;Oudalan, sahel du Burkina Faso</p>\r\n<p>\r\n	<strong>B&eacute;n&eacute;ficiaires</strong> : Les villageois du campement touareg de Gandefabou</p>\r\n<p>\r\n	<strong>Partenaires du programme</strong> : Projets plus actions, Up2green Reforestation</p>\r\n<p>\r\n	&nbsp;</p>\r\n<p>\r\n	<strong>Programme</strong> : Developpement du sahel burkinabais</p>\r\n<p>\r\n	<strong>Implication Up2Green </strong>: contribuer aux activit&eacute;s de reboisement. Former les villageois pour le d&eacute;veloppement de leurs propres p&eacute;pini&egrave;res.</p>\r\n<p>\r\n	&nbsp;</p>\r\n<p>\r\n	<strong>Description plus d&eacute;taill&eacute;e :</strong></p>\r\n<p>\r\n	L&#39;association Projets plus Action poursuit, g&egrave;re et coordonne un programme de d&eacute;veloppement &eacute;conomique dans le Sahel Burkinabais et plus particuli&egrave;rement du campement de Gand&eacute;fabou.</p>\r\n<p>\r\n	Ce campement d&rsquo;accueil est de type solidaire, car en effet, son but est de permettre le de?veloppement local, d&rsquo;ame?liorer les conditions de vie des villageois, de limiter l&rsquo;exode vers la Co?te d&rsquo;Ivoire pour travailler dans les champs de coton et les exploitations bananie?res, de cre?er des emplois et donc de la richesse, de prot&eacute;ger la faune et la flore. Pour se faire, l&rsquo;association me?ne diffe?rentes actions aupre?s de la population du village de Gande?fabou et reverse une partie des be?ne?fices ge?ne?re?s par l&rsquo;activite? touristique pour le de?veloppement local.</p>\r\n<p>\r\n	<br />\r\n	Cette r&eacute;gion du Burkina Faso est en effet particulie?rement aride, difficile et soumise aux variations climatiques.</p>\r\n', 'fr', 'burkina-faso'),
(9, '', '', '', 'en', 'guinea'),
(9, 'Guinée', '<p>\r\n	Planter 1.000.000 d&#39;arbres en deux ans dans les r&eacute;gions de Haute et de Basse Guin&eacute;e. Lutter contre la d&eacute;forestation de la foret primaire et &eacute;duquer les communaut&eacute;s locales &agrave; l&#39;agro-foresterie.</p>\r\n', '<p>\r\n	<img alt="" src="/uploads/ck/images/reforestation-eco-kyoto-guinee.jpg" style="width: 101px; height: 150px;" /></p>\r\n<p>\r\n	&nbsp;</p>\r\n<p>\r\n	<strong>Enjeux </strong>: lutter contre la d&eacute;forestation, &eacute;duquer les populations locales &agrave; l&#39;agroforesterie.</p>\r\n<p>\r\n	<strong>Localisation</strong> : Basse et Haute Guin&eacute;e</p>\r\n<p>\r\n	<strong>B&eacute;n&eacute;ficiaires </strong>: groupements, associations, les habitants des r&eacute;gions cibl&eacute;es.</p>\r\n<p>\r\n	<strong>Partenaires</strong> : Fondation Eco-Kyoto Guin&eacute;e</p>\r\n<p>\r\n	<strong>Programme </strong>: Planter 1.000.000 d&#39;arbres</p>\r\n<p>\r\n	&nbsp;</p>\r\n<p>\r\n	<strong>Implication Up2Green </strong>: Contribuer aux objectifs de la Fondation &agrave; mettre en terre 10 000 plants dans le cadre du programme.</p>\r\n<p>\r\n	&nbsp;</p>\r\n<p>\r\n	<strong>Description plus d&eacute;taill&eacute;e :</strong></p>\r\n<p>\r\n	&nbsp;</p>\r\n<p>\r\n	<strong><em>Les objectifs :</em></strong></p>\r\n<p>\r\n	- Planter <strong>1.000.000 </strong>d&#39;arbres pendant deux (2) ans dans les 16 Pr&eacute;fectures de la Haute et de la Basse Guin&eacute;e, sur une superficie de 2.211,77 ha <strong>.</strong></p>\r\n<p>\r\n	- Sensibiliser les populations en vue de leur implication effective dans la gestion et la protection de l&#39;environnement.</p>\r\n<p>\r\n	- impliquer 160 ONG et groupements au niveau local dans tout le processus du projet.</p>\r\n<p>\r\n	- former 160 ONG/ groupements en technique de reboisement.</p>\r\n<p>\r\n	&nbsp;</p>\r\n<p>\r\n	<strong><em>R&eacute;sultats attendus :</em></strong></p>\r\n<p>\r\n	-<strong>1.000.000 </strong>d&#39;arbres sont plant&eacute;s en deux (2) ans dans les 16 Pr&eacute;fectures de la Haute et la Basse Guin&eacute;e sur une superficie totale de <strong>2.211,77 ha</strong><strong>.</strong></p>\r\n<p>\r\n	-Les populations des r&eacute;gions travers&eacute;es sont sensibilis&eacute;es et sont impliqu&eacute;es effectivement dans la prot</p>\r\n', 'fr', 'guinee'),
(10, 'Madagascar (Antalaha)', '<p>\r\n	In the region of Antalaha in the North-East of the island, for social reintegration of people previously sick of leprosy through reforestation of littoral facing cyclonic risks, and planting of pecious wood (rosewood, palissandra, hintsi).</p>\r\n', '<p>\r\n	English version very soon...</p>\r\n', 'en', 'madagascar-antalaha'),
(10, 'Madagascar', '<p>\r\n	<span style="font-size: 12px;"><span style="font-family: arial,helvetica,sans-serif;"><strong>Enjeux : r&eacute;habilitation d&#39;anciens malades de la l&egrave;pre + d&eacute;veloppement agro-sylvicole</strong></span></span></p>\r\n<p>\r\n	<span style="font-size: 12px;"><span style="font-family: arial,helvetica,sans-serif;">Dans la r&eacute;gion d&#39;Antalaha, pour la r&eacute;insertion sociale des anciens malades de la l&egrave;pre via la reforestation des littoraux face aux risques cycloniques, et la plantation d&#39;essences de bois pr&eacute;cieux.</span></span></p>\r\n', '<p>\r\n	<img alt="" src="/uploads/ck/images/P1050437.JPG" style="width: 200px; height: 150px;" /><img alt="" src="/uploads/ck/images/P1020442.JPG" style="width: 200px; height: 150px;" /></p>\r\n<p style="text-align: justify;">\r\n	&nbsp;</p>\r\n<p style="text-align: justify;">\r\n	<span style="font-size: 12px;"><span style="font-family: arial,helvetica,sans-serif;"><strong>Enjeux</strong> : Protection des sols et cultures de l&#39;&icirc;le contre les cyclones, formation p&eacute;dagogique des adolescents, aide aux l&eacute;preux, autonomie alimentaire</span></span></p>\r\n<p style="text-align: justify;">\r\n	&nbsp;</p>\r\n<p style="text-align: justify;">\r\n	<span style="font-size: 12px;"><span style="font-family: arial,helvetica,sans-serif;"><strong>Localisation</strong> : R&eacute;gion d&#39;Antalaha, c&ocirc;te nord-est de Madagascar</span></span></p>\r\n<p style="text-align: justify;">\r\n	&nbsp;</p>\r\n<p style="text-align: justify;">\r\n	<span style="font-size: 12px;"><span style="font-family: arial,helvetica,sans-serif;"><strong>B&eacute;n&eacute;ficiaires</strong> : Familles et anciens malades de la l&egrave;pre vivant dans la banlieue sud de la ville d&#39;Antalaha</span></span></p>\r\n<p style="text-align: justify;">\r\n	&nbsp;</p>\r\n<p style="text-align: justify;">\r\n	<span style="font-size: 12px;"><span style="font-family: arial,helvetica,sans-serif;"><strong>Partenaires</strong> : CALA Madagascar</span></span></p>\r\n<p style="text-align: justify;">\r\n	&nbsp;</p>\r\n<p style="text-align: justify;">\r\n	<span style="font-size: 12px;"><span style="font-family: arial,helvetica,sans-serif;"><strong>Programme</strong> : Ecole Verte</span></span></p>\r\n<p style="text-align: justify;">\r\n	&nbsp;</p>\r\n<p style="text-align: justify;">\r\n	<span style="color: rgb(0, 128, 0);"><span style="font-size: 12px;"><span style="font-family: arial,helvetica,sans-serif;"><strong>Implication Up2Green </strong>: Participer aux activit&eacute;s de plantations et de formations des adolescents pour planter 10 000 arbres.</span></span></span></p>\r\n<p style="text-align: justify;">\r\n	<span style="font-size: 12px;"><span style="font-family: arial,helvetica,sans-serif;">&nbsp;</span></span></p>\r\n<p style="text-align: justify;">\r\n	<span style="font-size: 12px;"><span style="font-family: arial,helvetica,sans-serif;"><strong>Description plus d&eacute;taill&eacute;e :</strong></span></span></p>\r\n<p style="text-align: justify;">\r\n	<span style="font-size: 12px;"><span style="font-family: arial,helvetica,sans-serif;">CALA coordonne diff&eacute;rents programmes de reforestation &agrave; Madagascar :</span></span></p>\r\n<p style="text-align: justify;">\r\n	<span style="font-size: 12px;"><span style="font-family: arial,helvetica,sans-serif;">- Jules village, 7 km au sud d&#39;Antalaha ;</span></span></p>\r\n<p style="text-align: justify;">\r\n	<span style="font-size: 12px;"><span style="font-family: arial,helvetica,sans-serif;">- Belfort village, 6 km an nord d&#39;Antalaha ;</span></span></p>\r\n<p style="text-align: justify;">\r\n	<span style="font-size: 12px;"><span style="font-family: arial,helvetica,sans-serif;">- Macolline, 3 km au nord d&#39;Antalaha ;</span></span></p>\r\n<p style="text-align: justify;">\r\n	<span style="font-size: 12px;"><span style="font-family: arial,helvetica,sans-serif;">- Commune d&#39;Ampahana ;</span></span></p>\r\n<p style="text-align: justify;">\r\n	<span style="font-size: 12px;"><span style="font-family: arial,helvetica,sans-serif;">- Commune d&#39;Ambodikakaze ;</span></span></p>\r\n<p style="text-align: justify;">\r\n	<span style="font-size: 12px;"><span style="font-family: arial,helvetica,sans-serif;">- Commune d&#39;Antalaha.</span></span></p>\r\n<p style="text-align: justify;">\r\n	<span style="font-size: 12px;"><span style="font-family: arial,helvetica,sans-serif;">&nbsp;</span></span></p>\r\n<p style="text-align: justify;">\r\n	<span style="font-size: 12px;"><span style="font-family: arial,helvetica,sans-serif;"><strong>Le centre priv&eacute; CALA a &eacute;t&eacute; cr&eacute;&eacute; le 02 ao&ucirc;t 1988</strong></span></span></p>\r\n<p style="text-align: justify;">\r\n	<span style="font-size: 12px;"><span style="font-family: arial,helvetica,sans-serif;">Le <strong>Comit&eacute; d&#39;Aide aux L&eacute;preux d&#39;Antalaha</strong> est l&#39;une des rares institutions priv&eacute;es la&iuml;ques oeuvrant pour la r&eacute;insertion sociale et professionnelle des anciens malades de la l&egrave;pre dans la r&eacute;gion d&#39;Antalaha. Ce centre priv&eacute; est soutenu entre autres, par l&#39;Association Fran&ccedil;aise Raoul Follereau. Sa vocation est de venir en aide m&eacute;dicalement et socialement aux plus d&eacute;munis.</span></span></p>\r\n<p style="text-align: justify;">\r\n	<span style="font-size: 12px;"><span style="font-family: arial,helvetica,sans-serif;">Le CALA se donne comme objectif <strong>d&#39;aider les anciens malades de la l&egrave;pre</strong> de la r&eacute;gion d&#39;Antalaha &agrave; vivre comme les autres, au moyen de dons en m&eacute;dicaments, en nature ou financiers et d&#39;activit&eacute;s lucratives.</span></span></p>\r\n<p style="text-align: justify;">\r\n	<span style="font-size: 12px;"><span style="font-family: arial,helvetica,sans-serif;">Le but est de mettre en place des assistances m&eacute;dicales et p&eacute;cuniaires, une &eacute;ducation sanitaire, des moyens d&#39;exploiter leurs aptitudes professionnelles, des aides au logement et &agrave; l&#39;&eacute;ducation de leurs enfants et donner une autonomie &agrave; tous ceux que la maladie a rendus handicap&eacute;s.</span></span></p>\r\n<p style="text-align: justify;">\r\n	<span style="font-size: 12px;"><span style="font-family: arial,helvetica,sans-serif;">La <strong>reforestation des zones d&eacute;vast&eacute;es</strong> par les diff&eacute;rents cyclones par la cr&eacute;ation de p&eacute;pini&egrave;res et d&#39;une activit&eacute; &eacute;conomique li&eacute;e &agrave; l&#39;exploitation de ces plantations, est l&#39;un des moyens de redonner cette autonomie.</span></span></p>\r\n', 'fr', 'madagascar-antalaha'),
(11, 'Senegal', '<p>\r\n	The reforestation program conducted by the association gathers Oceanium 11 000 villagers who were massively mobilized to restore mangrove forests in Casamance.</p>\r\n', '<br />\r\n', 'en', 'senegal-en'),
(11, 'Sénégal', '<p>\r\n	Le programme de reboisement r&eacute;alis&eacute; par l&#39;association Oceanium rassemble 11 000 villageois qui se sont massivement mobilis&eacute;s pour restaurer la mangrove en Casamance.</p>\r\n', '<p>\r\n	<img alt="" src="/uploads/ck/images/Senegal-Oceanium-reforestation.jpg" style="width: 200px; height: 133px;" /><img alt="" src="/uploads/ck/images/Senegal-Oceanium-reforestation2(1).jpg" style="width: 200px; height: 134px;" /></p>\r\n<p>\r\n	<strong>Enjeux</strong> : restauration de l&#39;&eacute;cosyst&egrave;me de la mangrove, des ressources halieutiques, protection du littoral</p>\r\n<p>\r\n	<strong>Localisation</strong> : Casamance, de Niafarang &agrave; Elinkine, de Nioumoune &agrave; Marssassoum en passant par Tobor.</p>\r\n<p>\r\n	<strong>B&eacute;n&eacute;ficiaires</strong> : sensibilisation de plus 32 000 villageois de la Casamance</p>\r\n<p>\r\n	<strong>Porteur du projet</strong> : Oceanium</p>\r\n<p>\r\n	<strong>Programme</strong> : Restaurer 6000 ha de mangrove, plantons pour la plan&egrave;te</p>\r\n<p>\r\n	<strong>Implication Up2Green </strong>: Aider Oceanium &agrave; passer de 1200 ha de Mangrove r&eacute;cup&eacute;r&eacute;e &agrave; 6000 ha par la plantation de plus de 40 000 pal&eacute;tuviers</p>\r\n<p>\r\n	Les campagnes de <strong>reboisement de mangrove</strong> pour une gestion durable des ressources marines et c&ocirc;ti&egrave;res.</p>\r\n<p>\r\n	Ces actions de restauration permettent de :</p>\r\n<p>\r\n	- R&eacute;g&eacute;n&eacute;rer les &eacute;cosyst&egrave;mes de mangrove dont les populations d&eacute;pendent pour leur survie et ainsi augmenter leurs sources de revenus.</p>\r\n<p>\r\n	- Agir localement et concr&egrave;tement pour minimiser les changements climatiques mondiaux en augmentant les capacit&eacute;s de stockage de CO2.</p>\r\n<p>\r\n	&nbsp;</p>\r\n<p>\r\n	Depuis 2006, plus de 40 millions de pal&eacute;tuviers ont ainsi &eacute;t&eacute; plant&eacute;s au S&eacute;n&eacute;gal, en Gambie</p>\r\n<p>\r\n	et en Guin&eacute;e Bissau.</p>\r\n<p>\r\n	L&rsquo;objectif en 2010/2011 est de d&eacute;passer les 100 millions de pal&eacute;tuviers plant&eacute;s et de d&eacute;velopper les autres projets d&rsquo;agroforesterie (arbres fruitiers notamment).</p>\r\n', 'fr', 'senegal'),
(12, 'Benin', '<br />\r\n', '<br />\r\n', 'en', 'benin-en'),
(12, 'Bénin', '<p>\r\n	Projet de mise en oeuvre, dans le village de Firihoun, d&#39;activit&eacute;s alternatives &agrave; l&#39;exploitation abusive des ressources naturelles autour de la r&eacute;serve de la Pendjari.</p>\r\n', '<p>\r\n	&nbsp;</p>\r\n<p>\r\n	<img alt="" src="/uploads/ck/images/deforestation-Firihoun-benin.JPG" style="width: 200px; height: 150px;" /><img alt="" src="/uploads/ck/images/action-developpement-benin.jpg" style="width: 200px; height: 150px;" /></p>\r\n<p>\r\n	<strong>Enjeux</strong>: lutter contre l&#39;exploitation abusive des ressources naturelles en p&eacute;riph&eacute;rie de la r&eacute;serve de la biosph&egrave;re de la Pendjari en cr&eacute;ant des activit&eacute;s alternatives</p>\r\n<p>\r\n	<strong>Localisation</strong> : Village de Firihoun, arrondissement de Tant&eacute;ga, commune de Mat&eacute;ri, d&eacute;partement de l&#39;Atacora, B&eacute;nin.</p>\r\n<p>\r\n	<strong>B&eacute;n&eacute;ficiaires</strong> : Village de Firihoun, 375 personnes, dont 120 femmes, 75 hommes et 160 jeunes.</p>\r\n<p>\r\n	<strong>Porteur du projet</strong> : <a href="http://www.projetsplusactions.org/">Projets Plus Actions</a></p>\r\n<p>\r\n	<strong>Programme </strong>: Projet de mise en oeuvre, dans le village de Firihoun, d&#39;activit&eacute;s alternatives &agrave; l&#39;exploitation abusive des ressources naturelles en p&eacute;riph&eacute;rie de la r&eacute;serve de la biosph&egrave;re de Pendjari</p>\r\n<p>\r\n	<strong>Implication Up2Green </strong>: Contribuer aux objectifs de l&#39;association &agrave; mettre en terre 45 000 plants dans le cadre du programme.</p>\r\n<p>\r\n	&nbsp;</p>\r\n<p>\r\n	<strong>Description plus d&eacute;taill&eacute;e :</strong></p>\r\n<p>\r\n	Firihoun est l&#39;un des 23 villages riverains de la R&eacute;serve de Biosph&egrave;re de la Pendjari au nord-ouest du Benin. En compl&eacute;ment de l&#39;agriculture, de la p&ecirc;che et de la chasse, les populations de Firihoun se sont lanc&eacute;es ces derni&egrave;res ann&eacute;es dans la commercialisation du bois de chauffe et du charbon. Cette activit&eacute;, bien que procurant des revenus compl&eacute;mentaires aux populations, est pratiqu&eacute;e anarchiquement et conduit les populations &agrave; couper les arbres et &agrave; braconner.</p>\r\n<p>\r\n	Projets Plus Actions soutient son partenaire local, Aides &amp; D&eacute;veloppement pour la cr&eacute;ation d&#39;activit&eacute;s alternatives agricoles g&eacute;n&eacute;ratrices de revenus. Les habitants de Firihoun pourront rendre cultivable des terres en friche et ainsi ne plus d&eacute;t&eacute;riorer la r&eacute;serve de la Pendjari.</p>\r\n', 'fr', 'benin'),
(13, 'Ecuador', '<br />\r\n', '<br />\r\n', 'en', 'ecuador'),
(13, 'Equateur', '<p>\r\n	Amazonie &eacute;quatorienne. Am&eacute;lioration de vie des populations indig&egrave;nes, d&eacute;veloppement d&#39;une coop&eacute;rative. 2500 indiens Kichwas repartis en 18 communaut&eacute;s.</p>\r\n', '<p>\r\n	<img alt="" src="/uploads/ck/images/Perou4.jpg" style="width: 200px; height: 150px;" /></p>\r\n<p>\r\n	<strong>Enjeux : </strong>Am&eacute;lioration de vie des populations indig&egrave;nes, d&eacute;veloppement d&#39;une coop&eacute;rative</p>\r\n<p>\r\n	<strong>Localisation</strong> : Canton du Talag, Province du Napo, Amazonie &eacute;quatorienne</p>\r\n<p>\r\n	<strong>B&eacute;n&eacute;ficiaires</strong> : 2500 indiens Kichwas repartis en 18 communaut&eacute;s</p>\r\n<p>\r\n	<strong>Partenaires</strong>: Ishpingo</p>\r\n<p>\r\n	<strong>Programme</strong> : am&eacute;lioration notable de l&#39;utilisation des terres et la gestion raisonn&eacute;e des ressources foresti&egrave;res</p>\r\n<p>\r\n	&nbsp;</p>\r\n<p>\r\n	<strong>Implication </strong>Up2green : Participer aux activit&eacute;s de plantations pour passer de 33 000 arbres &agrave; 50 000 arbres plant&eacute;s en 2011</p>\r\n', 'fr', 'equateur'),
(14, 'Peru', '<br />\r\n', '<br />\r\n', 'en', 'perou'),
(14, 'Pérou', '<p>\r\n	Amazonie p&eacute;ruvienne. Lutte contre la d&eacute;forestation, diversification alimentaire, promotion de la biodiversit&eacute;, d&eacute;veloppement de pratiques agricoles durables&nbsp; &quot;chacras int&eacute;grales&quot; aupr&egrave;s de la communaut&eacute; de Fray Martin.</p>\r\n', '<p>\r\n	<img alt="" src="/uploads/ck/images/7.JPG" style="width: 203px; height: 152px;" /><img alt="" src="../../uploads/ck/images/1.jpg" style="width: 144px; height: 152px;" /><img alt="" src="/uploads/ck/images/macambo.jpg" style="width: 203px; height: 152px;" /></p>\r\n<p align="center">\r\n	&nbsp;</p>\r\n<p align="center">\r\n	<span style="color: rgb(0, 100, 0);"><strong>Projet co-d&eacute;velopp&eacute; sur le terrain avec Up2green Reforestation</strong></span></p>\r\n<p>\r\n	&nbsp;</p>\r\n<p>\r\n	<strong>Enjeux </strong>: lutte contre la d&eacute;forestation en Amazonie, diversification alimentaire, promotion de la biodiversit&eacute;, d&eacute;veloppement de pratiques agricoles durables</p>\r\n<p>\r\n	<strong>Localisation</strong> : R&eacute;gion du Loreto, district d&#39;Iquitos, province de Maynas, communaut&eacute; de Fray Martin</p>\r\n<p>\r\n	<strong>B&eacute;n&eacute;ficiaires </strong>: habitants de la communaut&eacute; de Fray Martin</p>\r\n<p>\r\n	<strong>Partenaires</strong> : Latitud Sur, Forestever</p>\r\n<p>\r\n	&nbsp;</p>\r\n<p>\r\n	<strong>Programme </strong>: &laquo; Parcelles Int&eacute;grales &raquo;, &laquo; Chacras Integrales &raquo;</p>\r\n<p>\r\n	<strong>Implication Up2Green </strong>: D&eacute;velopper les pratiques agricoles durables par l&#39;incitation &agrave; la plantation d&#39;arbres fruitiers et &agrave; bois &agrave; hauteur de 15000 arbres. L&#39;&eacute;quipe d&#39;Up2green Reforestation r&eacute;alise les formations des populations locales et le support technique sur le terrain.</p>\r\n<p>\r\n	&nbsp;</p>\r\n<p>\r\n	<strong>Description plus d&eacute;taill&eacute;e :</strong></p>\r\n<p>\r\n	&nbsp;</p>\r\n<p>\r\n	<em>Les objectifs du projet :</em></p>\r\n<ul>\r\n	<li>\r\n		<span dir="ltr">Am&eacute;liorer les conditions de vie des communaut&eacute;s</span></li>\r\n	<li>\r\n		<span dir="ltr">Former les populations &agrave; des pratiques agricoles durables et &agrave; une gestion plus raisonn&eacute;e des ressources naturelles</span></li>\r\n	<li>\r\n		<span dir="ltr">Apporter aux communaut&eacute;s un appui humain et technique</span></li>\r\n	<li>\r\n		<span dir="ltr">Lutter contre la d&eacute;forestation (caus&eacute;e essentiellement par une production non durable de bois de chauffe, source de revenus pour les populations)</span></li>\r\n	<li>\r\n		<span dir="ltr">Pr&eacute;server l&#39;environnement et la biodiversit&eacute; locale</span></li>\r\n	<li>\r\n		<span dir="ltr">Planter au minimum 10 000 arbres en 2011</span></li>\r\n</ul>\r\n<p style="margin-left: 1cm;">\r\n	&nbsp;</p>\r\n<p>\r\n	<em>Les b&eacute;n&eacute;ficiaires du projet :</em></p>\r\n<p>\r\n	Les habitants de la communaut&eacute; de Fray Martin, soit 340 personnes, 37 familles. Ils vivent essentiellement de la culture du manioc et de la banane plantain. Leur principal revenu provient de la vente de charbon de bois, activit&eacute; d&eacute;vastatrice pour les for&ecirc;ts. La plantation d&#39;arbres est non seulement essentielle pour le maintien de la for&ecirc;t, mais aussi pour leur apporter les mati&egrave;res premi&egrave;res dont ils ont besoin.</p>\r\n', 'fr', 'perou'),
(15, 'Colombia', '<br />\r\n', '<br />\r\n', 'en', '2'),
(15, 'Colombie', '<p>\r\n	Amazonie colombienne. Conservation des modes de vie indig&egrave;nes, d&eacute;veloppemen de l&#39;agroforesterie pour l&#39;am&eacute;lioration des conditions alimentaires. <span>Projet d&eacute;velopp&eacute; sur le terrain par Up2green.</span></p>\r\n', '<p>\r\n	<img alt="" src="/uploads/ck/images/reforestation-forestever-up2green.jpg" style="width: 200px; height: 150px;" /><img alt="" src="/uploads/ck/images/reforestation-forestever-up2green4.jpg" style="width: 267px; height: 150px;" /></p>\r\n<p align="center">\r\n	&nbsp;</p>\r\n<p align="center">\r\n	<span style="color: rgb(0, 100, 0);"><strong>Projet co-d&eacute;velopp&eacute; sur le terrain avec Up2green Reforestation</strong></span></p>\r\n<p>\r\n	&nbsp;</p>\r\n<p>\r\n	<strong>Enjeux</strong> : conservation des modes de vie indig&egrave;nes, d&eacute;veloppement de l&#39;agroforesterie et de l&#39;&eacute;cotourisme</p>\r\n<p>\r\n	<strong>Localisation</strong> : D&eacute;partement de l&#39;Amazonas, P&eacute;riph&eacute;rie de Leticia, Communaut&eacute; San Pedro de los Lagos</p>\r\n<p>\r\n	<strong>B&eacute;n&eacute;ficiaires</strong> : 30 familles au total , communaut&eacute; de San Pedro de los Lagos, Communaut&eacute; du Km 15,</p>\r\n<p>\r\n	<strong>Partenaires</strong> : Green Hope Colombia, Forestever</p>\r\n<p>\r\n	<strong>Programme</strong> : D&eacute;veloppement de pratiques agroforesti&egrave;res en Amazonie</p>\r\n<p>\r\n	&nbsp;</p>\r\n<p>\r\n	<strong>Implication Up2Green </strong>: Responsable du projet. Sensibilisation et formation des habitants de communaut&eacute;s. Mise en place de p&eacute;pini&egrave;res familiales pour la plantation de 15 000 arbres en 2011.</p>\r\n<p>\r\n	L&#39;&eacute;quipe d&#39;Up2green Reforestation r&eacute;alise les formations des populations locales et le support technique sur le terrain.</p>\r\n<p>\r\n	&nbsp;</p>\r\n<p>\r\n	<strong>Description plus d&eacute;taill&eacute;e :</strong></p>\r\n<p>\r\n	&nbsp;</p>\r\n<p>\r\n	<em>Les objectifs du projet :</em></p>\r\n<ul>\r\n	<li>\r\n		<span dir="ltr">Am&eacute;liorer les conditions de vie des communaut&eacute;s</span></li>\r\n	<li>\r\n		<span dir="ltr">Former les populations &agrave; des pratiques agricoles durables et &agrave; une gestion plus raisonn&eacute;e des ressources naturelles</span></li>\r\n	<li>\r\n		<span dir="ltr">Apporter aux communaut&eacute;s un appui humain et technique</span></li>\r\n	<li>\r\n		<span dir="ltr">Lutter contre la d&eacute;forestation (caus&eacute;e essentiellement par une production non durable de bois de chauffe, source de revenus pour les populations)</span></li>\r\n	<li>\r\n		<span dir="ltr">Pr&eacute;server l&#39;environnement et la biodiversit&eacute; locale</span></li>\r\n	<li>\r\n		<span dir="ltr">Planter au minimum 10 000 arbres en 2011</span></li>\r\n</ul>\r\n<p style="margin-left: 1cm;">\r\n	&nbsp;</p>\r\n<p>\r\n	<em>Les b&eacute;n&eacute;ficiaires du projet :</em></p>\r\n<p>\r\n	La <strong>communaut&eacute; indig&egrave;ne Ticunas </strong>de San Pedro de los Lagos compte elle<strong> une quinzaine de famille</strong>. Elle vit essentiellement de l&#39;agriculture mais son enclavement fait que les habitants ont du mal &agrave; developper des activit&eacute;s &eacute;conomiques g&eacute;n&eacute;ratrices de revenus. La bonne gestion de leur terre et le d&eacute;veloppement de plantations d&#39;arbres &agrave; bois et d&#39;arbres fruitiers permettra d&#39;<strong>entretenir</strong><strong> et de s&eacute;curiser leur mode de vie tr&egrave;s proche de la nature.</strong></p>\r\n', 'fr', 'colombie'),
(16, 'France', '<br />\r\n', '<br />\r\n', 'en', '1'),
(16, 'France', '<p>\r\n	<font face="Arial, Helvetica, sans-serif"><span class="Style9"><strong>Enjeux : reboisement ma&icirc;tris&eacute; de ch&ecirc;nes sessiles en raison de la disparition du h&ecirc;tre </strong>&agrave; cause du r&eacute;chauffement climatique.<br />\r\n	For&ecirc;t Domaniale de Lyons (Seine maritime &ndash; 76 / Eure &ndash; 27)</span></font></p>\r\n<p>\r\n	Objectif du projet : Reboisement de ch&ecirc;ne sessile et divers feuillus sur 4,13 ha</p>\r\n', '<p>\r\n	<font face="Arial, Helvetica, sans-serif"><span class="Style9"><strong>Reboisement en for&ecirc;t domaniale de Lyons</strong><br />\r\n	For&ecirc;t Domaniale de Lyons (Seine maritime &ndash; 76 / Eure &ndash; 27)</span></font></p>\r\n<p style="text-align: justify;">\r\n	<span class="Style10"><strong class="bold-orange">Le contexte :</strong></span><br />\r\n	<br />\r\n	<span class="champs-texte">La for&ecirc;t domaniale de Lyons, d&#39;une superficie de 10695,71 ha, est affect&eacute;e principalement &agrave; la production de bois d&#39;oeuvre feuillus, en particulier de h&ecirc;tre. En effet, la sylviculture pass&eacute;e a fortement favoris&eacute; cette essence qui est aujourd&#39;hui pr&eacute;sente sur environ 60% de la surface du massif. Aujourd&#39;hui, les perspectives de changements climatiques radicaux posent la question de la place du h&ecirc;tre &agrave; grande &eacute;chelle. De plus, plusieurs observations de d&eacute;p&eacute;rissements massifs dans les derni&egrave;res d&eacute;cennies ont conduit les gestionnaires, lors du dernier am&eacute;nagement (2004/2023), &agrave; favoriser le ch&ecirc;ne sessile, notamment en le choisissant de fa&ccedil;on privil&eacute;gi&eacute;e en r&eacute;g&eacute;n&eacute;ration artificielle afin de diversifier les peuplements et d&#39;augmenter la r&eacute;silience de la for&ecirc;t aujourd&#39;hui menac&eacute;e.</span></p>\r\n<center>\r\n	<p style="text-align: justify;">\r\n		<strong>Objectif du projet : Reboisement de ch&ecirc;ne sessile et divers feuillus sur 4,13 ha</strong></p>\r\n	<p style="text-align: center;">\r\n		<br />\r\n		<img alt="" src="/uploads/ck/images/ONF-Up2green-Lyonslaforet.jpg" style="width: 450px; height: 356px;" /></p>\r\n	<p style="text-align: justify;">\r\n		<strong>Descriptif des travaux &agrave; r&eacute;aliser pour l&#39;op&eacute;ration :</strong></p>\r\n</center>\r\n<center>\r\n	<p style="text-align: justify;">\r\n		<u>Travaux pr&eacute;paratoires &agrave; la plantation :</u></p>\r\n</center>\r\n<div style="text-align: justify;">\r\n	Broyage des r&eacute;manents d&#39;exploitation avant plantation Travail pr&eacute;paratoire du sol</div>\r\n<center>\r\n	<p style="text-align: justify;">\r\n		<u>Programme de plantation d&#39;environ 6600 plants :<br />\r\n		</u>Fourniture et mise en place de plants de ch&ecirc;ne sessile (1500pl/ha)<br />\r\n		et de feuillus divers (100pl/ha).</p>\r\n	<p style="text-align: justify;">\r\n		&nbsp;</p>\r\n	<p style="text-align: justify;">\r\n		<span style="font-size: 16px;"><u><strong>La for&ecirc;t de Lyons :</strong></u></span><br />\r\n		<br />\r\n		&laquo; Etendue sur plus de 10 700 hectares entre l&#39;Eure et la Seine Maritime, <strong><em>la for&ecirc;t domaniale de Lyons est tr&egrave;s certainement la plus belle h&ecirc;traie d&#39;Europe.</em></strong><br />\r\n		R&eacute;put&eacute;e pour ses arbres &agrave; haut f&ucirc;t, lui donnant cet aspect &#39; cath&eacute;drale &#39;, qui impressionne d&egrave;s le premier regard, et pour ses sous-bois giboyeux, la for&ecirc;t de Lyons n&#39;en demeure pas moins un massif forestier aux dimensions humaines.<br />\r\n		<br />\r\n		Des clairi&egrave;res, perc&eacute;es d&egrave;s le Moyen Age (avec la pratique de l&#39;essartage), entrecoupent le massif forestier et accueillent villages et cultures dans les vallons abrit&eacute;s et au flanc des coteaux baign&eacute;s de soleil.<br />\r\n		<br />\r\n		Avec plus de 300 kilom&egrave;tres de routes foresti&egrave;res goudronn&eacute;es ou empierr&eacute;es, la for&ecirc;t de Lyons permet toutes les pratiques sportives. La randonn&eacute;e p&eacute;destre b&eacute;n&eacute;ficie d&#39;un cadre d&#39;exception avec une multitude de sentiers balis&eacute;s et entretenus. La randonn&eacute;e &eacute;questre s&#39;y pratique tout aussi ais&eacute;ment et acquiert ses lettres de noblesse lors des journ&eacute;es de chasse &agrave; courre qui se d&eacute;roulent tous les automnes dans le massif (les mardis et samedis d&#39;octobre &agrave; mars).<br />\r\n		Le VTT est &eacute;galement une activit&eacute; tr&egrave;s pratiqu&eacute;e et les routes foresti&egrave;res peu emprunt&eacute;es par les automobilistes font le bonheur des cyclotouristes.<br />\r\n		<br />\r\n		Visites et <a href="http://www.lyons.tourisme.free.fr/randonnees.htm" target="_blank">randonn&eacute;es</a> accompagn&eacute;es en for&ecirc;t au cours de l&#39;ann&eacute;e. &raquo;<br />\r\n		<br />\r\n		<strong>Source : <a href="http://www.lyons.tourisme.free.fr/" target="_blank">Office de Tourisme du Pays de Lyons</a></strong></p>\r\n	<p style="text-align: justify;">\r\n		<strong><img alt="" src="/uploads/ck/images/carte-reforestation.jpg" style="width: 500px; height: 288px;" /></strong></p>\r\n</center>\r\n', 'fr', 'france'),
(17, 'Ethiopia', '<br />\r\n', '<br />\r\n', 'en', '3'),
(17, 'Ethiopie', '<p>\r\n	<strong>Enjeux : d&eacute;veloppement agro-sylvicole + d&eacute;sertification + activit&eacute; &eacute;conomique</strong></p>\r\n<p>\r\n	R&eacute;gions de Guraghe, Konso et lac Tana.</p>\r\n<p>\r\n	D&eacute;veloppement agricole et lutte contre la d&eacute;forestation. Plantation de multiples essences pour diff&eacute;rents usages : production de fruits, de fourrage pour le b&eacute;tail, de plantes m&eacute;dicinales et de bois de chauffage et de construction.</p>\r\n', '<p>\r\n	<img alt="" src="/uploads/ck/images/barrenland_198(3).jpg" style="width: 198px; height: 143px;" /><img alt="" src="/uploads/ck/images/honey_198(3).jpg" style="width: 214px; height: 143px;" /></p>\r\n<p>\r\n	<strong>Environmental Issues </strong><br />\r\n	Ethiopia loses 2 billion tons of topsoil every year because widespread deforestation is leading to massive soil erosion. Land degradation is a serious problem throughout the Ethiopia, due to extensive population pressure, compounded by the large livestock population. The increased demand for cultivable land, deforestation, and tillage of steep slopes and mountains has enhanced soil erosion and decrease productivity. In addition, grazing land scarcity and scarcity of clean drinking water are problems that persist in Southern Regional states.</p>\r\n<p>\r\n	<strong>Social Issues </strong><br />\r\n	With more than 80% of the population dependent on wood for their basic energy needs, there is a real crisis in their fuel supply - women and children must walk miles every day to gather a few twigs to cook with, and fuelwood is very expensive!</p>\r\n<p>\r\n	The main underlying causes of land degradation are socio economic (e.g. population growth and associated activities including deforestation, overgrazing, agricultural expansion, fuel wood scavenging, etc.) natural (e.g. topography, soil type, drought/rainfall intensity, etc), institutional (e.g. coordination and capacity) and policy factors. These situations have a synergistic effect and highly enhance soil degradation which in turn greatly reduces agricultural and other forms of biological production, exacerbates poverty, and leads to the removal of biological resources beyond the replacement capacity of the natural resources. This keeps accelerating further the rate of land degradation, thus creating a vicious circle linking human and environmental degradation.</p>\r\n<p>\r\n	<strong>Trees For the Future response :</strong></p>\r\n<p>\r\n	Our goal is to rehabilitate and improve productive potential of degraded and marginal lands, thereby improving the socio economic conditions of the participating communities. Our philosophy is community driven, and the community participation and ownership of the projects is crucial to the sustainability and success of our approach.</p>\r\n<p>\r\n	Community members, mostly small and disadvantaged farmers, are considered to be at the forefront of project implementation. Their participation from the inception up to the termination of this project will highly be considered and maintained.</p>\r\n<p>\r\n	TREES&#39; technicians have made several trips to Ethiopia over the past few years, combining to provide 160 days of on-site technical assistance. Everywhere we have gone, local groups are asking the same thing:&ldquo;How fast can you get this program started?&rdquo; People are very interested in sustainable harvesting of fuelwood, fuel-efficient stoves, and confinement rearing of animals &ndash; after having seen how livestock have stripped their terrain.</p>\r\n', 'fr', 'ethiopie'),
(18, 'Inde', '<br />\r\n', '<br />\r\n', 'en', '4'),
(18, 'Inde', '<p>\r\n	<strong>Enjeux :</strong> d&eacute;veloppement agro-sylvicole + d&eacute;sertification + activit&eacute; &eacute;conomique</p>\r\n<p>\r\n	R&eacute;gions de Tamil Nadu, Andhra Pradesh et Uttarkhand.</p>\r\n<p>\r\n	<span>Objectifs : lutter</span> <span>contre</span> la <span>s&eacute;cheresse</span> et <span>l&rsquo;&eacute;rosion</span> en <span>plantant</span> <span>des</span> essences <span>&agrave;</span> <span>croissance</span> <span>rapide</span> ; <span>R&eacute;alimenter</span> <span>les</span> <span>nappes</span> <span>phr&eacute;atiques</span> en eau ; <span>Assurer</span> <span>une</span> <span>utilisation</span> durable <span>des</span> <span>arbres</span> : fruits, <span>chauffage</span> et construction.</p>\r\n', '<p>\r\n	<img alt="" src="/uploads/ck/images/india3.jpg" style="width: 261px; height: 194px;" /><img alt="" src="/uploads/ck/images/india1.jpg" style="width: 258px; height: 194px;" /></p>\r\n<p>\r\n	<strong>Social and Environmental Issues</strong></p>\r\n<p>\r\n	While almost one million acres of land in Assam, West Bengal, and other regions in Northwest India and Bangladesh get flooded regularly, the people of Tamil Nadu in southeastern India, 1000 miles away from the flood zones, are struggling with drought and a lack of fresh water. Trees have been cleared, erosion is stripping topsoil from farmlands, and little rainwater is channeled back into aquifers. In the end of 2004, the great tsunami hit Tamil Nadu causing further destruction to an already struggling region.</p>\r\n<p>\r\n	While some sectors of Indian society have greatly improved their standards of living, life for the average farmer continues to be a struggle for survival. Thanks to the vagaries of commodity prices and the weather, the high costs of pesticides and fertilizers, and declining yields, India has experienced a horrifying number of farmer suicides. At the same time, common lands continue to be degraded, as overgrazing and fuelwood harvesting destroy the remaining fertility.</p>\r\n<p>\r\n	&nbsp;</p>\r\n<p>\r\n	<strong>Response planting trees :</strong></p>\r\n<p>\r\n	The majority of all our work over the last two years has been in the region of Tamil Nadu, the southeastern region hit hardest by the devastating 2004 tsunami. We have recently expanded to Andhra Pradesh, a region that is suffering from prolonged droughts, and in 2009 we are starting a new program in the northern state of Uttarakhand, which will be working with villages and local governments to enhance the productivity of common lands.</p>\r\n', 'fr', 'inde-1'),
(20, '', '<p>\r\n	The program is actively engaged in sustainably focused programming for the purpose of wildlife conservation and reforestation.</p>\r\n', '<br />\r\n', 'en', '');
INSERT INTO `programme_translation` (`id`, `title`, `accroche`, `description`, `lang`, `slug`) VALUES
(20, 'Costa Rica', '<p>\r\n	<span style="font-size: 12px;"><span style="font-family: arial,helvetica,sans-serif;"><strong><span>Enjeux</span> : restauration de </strong></span><strong><span>l&rsquo;&eacute;cosyst&egrave;me</span> &laquo;&nbsp;<span>for&ecirc;t</span> tropicale <span>c&ocirc;ti&egrave;re</span>&nbsp;&raquo;, retour de la biodiversit&eacute;, sensibilisation des communaut&eacute;s</strong></span></p>\r\n<p>\r\n	<span style="font-size: 12px;"><span style="font-family: arial,helvetica,sans-serif;"><span>Dans</span> le </span></span>Parc National Manuel Antonio, avec les communaut&eacute;s Coope Silencio et Matapalo, pr&eacute;servation du littoral et cr&eacute;ation d&#39;un corridor de biodiversit&eacute;.</p>\r\n', '<p>\r\n	&nbsp;</p>\r\n<p>\r\n	<img alt="" src="/uploads/ck/images/costa-rica2.jpg" style="width: 253px; height: 182px;" /><img alt="" src="/uploads/ck/images/costa-rica(1).jpg" style="width: 264px; height: 174px;" /></p>\r\n<p>\r\n	&nbsp;</p>\r\n<p>\r\n	<strong><span>Enjeux</span></strong> : restauration de l&rsquo;&eacute;cosyst&egrave;me &laquo; for&ecirc;t tropicale c&ocirc;ti&egrave;re &raquo;, retour de la biodiversit&eacute;, sensibilisation des communaut&eacute;s</p>\r\n<p>\r\n	&nbsp;</p>\r\n<p>\r\n	&nbsp;</p>\r\n<p>\r\n	<strong><span>Localisation</span></strong> : Costa Rica, Parc National Manuel Antonio, r&eacute;gion Pacifico Central, Playa el Rey</p>\r\n<p>\r\n	&nbsp;</p>\r\n<p>\r\n	<strong><span>B&eacute;n&eacute;ficiaires</span></strong> : 100 <span>familles</span> au total, <span>communaut&eacute;s</span> <span>CoopeSilencio</span> et <span>Matapalo</span></p>\r\n<p>\r\n	&nbsp;</p>\r\n<p>\r\n	<strong><span>Partenaires</span></strong> :&nbsp;</p>\r\n<p align="left" style="margin-left: 36pt;">\r\n	FORESTEVER<br />\r\n	MINAET (Costa Rica Ministry of the Environment)<br />\r\n	Palazzo Park Resort<br />\r\n	CoopeSilencioCooperativeCommunity<br />\r\n	Parque Nacional Manuel Antonio<br />\r\n	Amigos de Parque Manuel Antonio<br />\r\n	Asociaci&oacute;n de Gu&iacute;as de Parque Manuel Antonio<br />\r\n	Hacienda Matapalo<br />\r\n	ReplantingTheRainforests.org</p>\r\n<p align="left" style="margin-left: 36pt;">\r\n	&nbsp;</p>\r\n<p>\r\n	&nbsp;</p>\r\n<p>\r\n	<strong><span>Programme</span></strong> : Protection et reforestation du parc National Manual Antonio</p>\r\n<p>\r\n	&nbsp;</p>\r\n<p>\r\n	<strong>Implication <span>Up2Green</span> </strong>: financer et suivre la plantation de 22 000 <span>arbres</span> en 2011.</p>\r\n<p>\r\n	&nbsp;</p>\r\n<p>\r\n	<strong>Description plus <span>d&eacute;taill&eacute;e</span> :</strong></p>\r\n<p>\r\n	&nbsp;</p>\r\n<p>\r\n	<strong><u>Historique du Projet&nbsp;: </u></strong></p>\r\n<p>\r\n	EPS, en plus de mener des projets deprotection d&rsquo;esp&egrave;ces menac&eacute;es au Costa Rica (tortues marines et singes Titi), a lanc&eacute; en 2010 un projet de pr&eacute;servation du littoral incluant un projet pilote de reforestation (2000 arbres) pour la cr&eacute;ation d&rsquo;un corridor biologique. Des inventaires de biodiversit&eacute; et des relev&eacute;s GPS ont actuellement lieu pour &eacute;tendre le programme en 2011.</p>\r\n<p>\r\n	&nbsp;</p>\r\n<p>\r\n	<strong><u>Contexte du projet&nbsp;:</u></strong></p>\r\n<p>\r\n	&nbsp;</p>\r\n<p>\r\n	La c&ocirc;te pacifique du Costa Rica, ancienne jungle, s&rsquo;est continuellement d&eacute;grad&eacute;e au cours de ces 50 derni&egrave;res ann&eacute;es.</p>\r\n<p>\r\n	Le Costa Rica est devenu un pays &eacute;mergeant et s&rsquo;est d&eacute;velopp&eacute; &agrave; travers un programme agricole national. La d&eacute;forestation s&rsquo;est faite au profit de l&rsquo;introduction de cultures telles que la banane, le riz et l&rsquo;extension de l&rsquo;&eacute;levage. Les investisseurs ont import&eacute; leur vision d&rsquo;un paradis tropical en &eacute;rigeant des stations baln&eacute;aires modernes entour&eacute;es de cocotiers, esp&egrave;ce exotique et envahissante ne permettant pas le maintien et le d&eacute;veloppement de la faune et de la flore native.</p>\r\n<p>\r\n	De cette fa&ccedil;on, le singe Titi, plus petit des primates terrestre, a progressivement vu son habitat naturel dispara&icirc;tre ce qui l&rsquo;a confin&eacute; dans des espaces restreints, isol&eacute;s et inhospitaliers le mettant en danger. Sans intervention et cr&eacute;ation de corridor biologique, l&rsquo;esp&egrave;ce serait vou&eacute;e &agrave; dispara&icirc;tre, comme l&rsquo;ensemble de cet &eacute;cosyst&egrave;me unique au monde.</p>\r\n<p>\r\n	Par ailleurs le parc National de Manuel Antonia est le parc national du Costa Rica le plus fr&eacute;quent&eacute;. En plus des cocotiers, se d&eacute;veloppent des herbes invasives et la culture des palmiers &agrave; huile gagne du terrain, tout comme l&rsquo;urbanisme au nord du parc.</p>\r\n<p>\r\n	Il est donc indispensable de proposer des solutions pour contrer l&rsquo;effet des plantes invasives en plantant des esp&egrave;ces tol&eacute;rant la salinit&eacute; de l&rsquo;eau telles que des esp&egrave;ces de mangrove et d&rsquo;autres ,repr&eacute;sentatives de la diversit&eacute; biologique de cet habitat.</p>\r\n<p>\r\n	&nbsp;</p>\r\n<p>\r\n	<strong><u>Objectifs g&eacute;n&eacute;raux et sp&eacute;cifiques&nbsp;:</u></strong></p>\r\n<p align="left">\r\n	-&nbsp;&nbsp;&nbsp;&nbsp;&nbsp;&nbsp;&nbsp;&nbsp; <strong>Restauration de l&rsquo;&eacute;cosyst&egrave;me &laquo;&nbsp;for&ecirc;t tropical c&ocirc;ti&egrave;re&nbsp;&raquo;</strong></p>\r\n<p>\r\n	+ Planter 22 000 arbres en 2011</p>\r\n<p>\r\n	+ Appliquer les principes d&rsquo;analogie foresti&egrave;res et choisir des esp&egrave;ces&nbsp;telles que&nbsp;:</p>\r\n<p style="margin-left: 53.25pt;">\r\n	-&nbsp;&nbsp;&nbsp;&nbsp;&nbsp;&nbsp;&nbsp;&nbsp;&nbsp; Roble de savana (<em>Tabebuiarosea)</em></p>\r\n<p style="margin-left: 53.25pt;">\r\n	-&nbsp;&nbsp;&nbsp;&nbsp;&nbsp;&nbsp;&nbsp;&nbsp;&nbsp; Guanacaste (<em>Enterolobiumcyclocarpum)</em></p>\r\n<p style="margin-left: 53.25pt;">\r\n	-&nbsp;&nbsp;&nbsp;&nbsp;&nbsp;&nbsp;&nbsp;&nbsp;&nbsp; Guapinol (<em>Hymenaea courbaril</em>)</p>\r\n<p style="margin-left: 53.25pt;">\r\n	-&nbsp;&nbsp;&nbsp;&nbsp;&nbsp;&nbsp;&nbsp;&nbsp;&nbsp; Guayaba(<em>Psidiumguajava</em>)</p>\r\n<p style="margin-left: 53.25pt;">\r\n	-&nbsp;&nbsp;&nbsp;&nbsp;&nbsp;&nbsp;&nbsp;&nbsp;&nbsp; Por&oacute; de cerca (<em>Erythrinacostaricensis</em>)</p>\r\n<p style="margin-left: 53.25pt;">\r\n	-&nbsp;&nbsp;&nbsp;&nbsp;&nbsp;&nbsp;&nbsp;&nbsp;&nbsp; Cen&iacute;zaro (<em>Samaneasaman</em>)</p>\r\n<p style="margin-left: 53.25pt;">\r\n	-&nbsp;&nbsp;&nbsp;&nbsp;&nbsp;&nbsp;&nbsp;&nbsp;&nbsp; Almendro de playa (<em>Terminaliacatappa)</em></p>\r\n<p style="margin-left: 53.25pt;">\r\n	-&nbsp;&nbsp;&nbsp;&nbsp;&nbsp;&nbsp;&nbsp;&nbsp;&nbsp; Casco de venado (<em>Bawinhiacoccinea)</em></p>\r\n<p style="margin-left: 53.25pt;">\r\n	-&nbsp;&nbsp;&nbsp;&nbsp;&nbsp;&nbsp;&nbsp;&nbsp;&nbsp; Carboncillo (<em>Zapotecacostaricensis)</em></p>\r\n<p style="margin-left: 53.25pt;">\r\n	-&nbsp;&nbsp;&nbsp;&nbsp;&nbsp;&nbsp;&nbsp;&nbsp;&nbsp; Carboncillo (<em>Albiziacarbonaria</em>)</p>\r\n<p>\r\n	&nbsp;</p>\r\n<p align="left">\r\n	-&nbsp;&nbsp;&nbsp;&nbsp;&nbsp;&nbsp;&nbsp;&nbsp; <strong>Faciliter la r&eacute;apparition d&rsquo;esp&egrave;ces v&eacute;g&eacute;tales et animales natives</strong></p>\r\n<p>\r\n	+ Favoriser les esp&egrave;ces ligneuses servant de niche &eacute;cologique</p>\r\n<p>\r\n	+ Cr&eacute;er un couloir &eacute;cologique pour le d&eacute;placement des esp&egrave;ces</p>\r\n<p>\r\n	+ Favoriser les &eacute;changes g&eacute;n&eacute;tiques entres les esp&egrave;ces</p>\r\n<p>\r\n	&nbsp;</p>\r\n<p align="left">\r\n	-&nbsp;&nbsp;&nbsp;&nbsp;&nbsp;&nbsp;&nbsp;&nbsp; <strong>Sensibiliser la soci&eacute;t&eacute; civile</strong></p>\r\n<p>\r\n	+ Impliquer les communaut&eacute;s de CoopeSilencio et de Matapalo pour les travaux de reforestation</p>\r\n<p>\r\n	&nbsp;</p>\r\n<p align="left">\r\n	-&nbsp;&nbsp;&nbsp;&nbsp;&nbsp;&nbsp;&nbsp;&nbsp; <strong>Sensibiliser les industriels et les investisseurs</strong></p>\r\n<p>\r\n	+ R&eacute;aliser des sensibilisations durant les temps de travail, et introduire des esp&egrave;ces natives dans les parcelles cultiv&eacute;es ou r&eacute;serv&eacute;es aux touristes</p>\r\n<p>\r\n	&nbsp;</p>\r\n<p>\r\n	<strong><u>Description des b&eacute;n&eacute;ficiaires&nbsp;:</u></strong></p>\r\n<p>\r\n	CoopeSilencio est une communaut&eacute; coop&eacute;rative qui est situ&eacute;e &agrave; 5 km &agrave; l&rsquo;Est de Playa el Rey, pr&egrave;s de l&rsquo;embouchure de la rivi&egrave;re Savegre, qui repr&eacute;sente un hot-spot de biodiversit&eacute;. CoopeSilencioa &eacute;t&eacute; fond&eacute;e en 1972 par un groupe de 40 familles costaricaines. Elle en compte d&eacute;sormais plus de 100. L&rsquo;&eacute;conomie de ces familles est bas&eacute;e sur une plantation de palmiers &agrave; huile de 500 Ha. On y trouve une tienda, un &eacute;levage de poulet, des plantations de Teak, une scierie et un magasin de meubles. La coop&eacute;rative g&egrave;re &eacute;galement un centre de r&eacute;habilitation d&rsquo;animaux sauvages. La communaut&eacute; met &agrave; disposition des terres pour les p&eacute;pini&egrave;res et produit du biocharen partenariat avec EPS.</p>\r\n<p>\r\n	&nbsp;</p>\r\n<p>\r\n	Matapaloest une communaut&eacute; bien plus grande et diversifi&eacute;e. La plupart de habitations et des commerces sont construits de mani&egrave;re ill&eacute;gale sur des aires prot&eacute;g&eacute;es, &agrave; l&rsquo;int&eacute;rieur de la zone tampon maritime de 200m.&nbsp; L&rsquo;int&eacute;gration de la communaut&eacute; dans les programmes de sensibilisation et de r&eacute;habilitation est indispensable pour &eacute;tendre vers le sud de la c&ocirc;te le programme, d&rsquo;autant plus qu&rsquo;elle repr&eacute;sente un lieu de reproduction phare pour les tortues marines.</p>\r\n', 'fr', 'costa-rica');
